18618 47163  4587 36790 56176
70909 50394 32726 42028 78239
50291 35079 92712 31924 14053
41856 24865 37171 63566 53012
92115 62171  4971 14589 56587
78596 42611 83801 82125 90949
 1331 31385 16683 43359   830
56583 24741 19874 12612 75799
40172 50333 29575 44631 32618
 5708 23332 19434 27700 52791
47737 68295  4060 25185 63504
 3463 24945 49165 54017 11433
81038 65309 87704 50357 93234
21676 12807 87349 63669 54080
66634    29  5489 49803 78709
13579 37190 99757 98261 23965
56348 65085 31054 49432 71556
24173 81683 64533 53393 17999
 8676  7107 60292 50575  9822
86175 67862 13329 71599 59523
78162 64862  4068 70214 14840
76100 88340 22381 32630 56529
76041 76686 59681 31647  9005
47746 12025 33683 44954 77060
24213 91575 98493 61034 39453
21888 68923 32178 43346  5759
72374 17635 62400 82939 81555
54545 95758 25894 40752 30225
57592 37532 18381 70904 96299
49571 73915 49026 82925 91115
18612 42525 10277  8237 64176
50806 23956 44656 79650 58135
62590 55760 61682 69817 28874
30235  8494 21806 43143   241
87280 71421 60458 42784 16566
36271 67107 95348 25455 52216
37937 81451 53919 86923 37720
62802 58608 12292 46010 67228
47018  7742 27784 36757 99184
84020 46947 59289 40482 14840
89618 51538 97899 39180 50319
59069 54658 60933 41312 55462
73999 26035 53524 67690 33057
17007 51380 31291 34208 80809
47545 55415 55240 30522 86894
25812 59206 92864 39343 86784
 5543 64007 98356 95666 34486
99721 18973 19208 85504 84741
95791 87052 30367 44346 84212
 8429 76470 61088 36403 54555
 1663 23383 67025 37755 30511
63224 53394  2784 87812 23318
81894 57397 43810 36729  9825
59718 89992 94726 13677 31230
14125 59908 81478 74750 57018
 8180 11979 65995 37500 86345
80981 89703 18121 68036 83504
57809 52914  9395 84820 77857
47104 97935 83432 63967 13585
56601 33451 57965 59245 89692
11538 21592 70927 20983 53632
95547 91675 24658 86913 94979
33952 65998 98868 84877 20536
49304 28442 33697 38363 71558
31372 72222 36179 77237 37357
94930 33097 38050 95264 93757
 5267 74844  2723 13779 59092
41276 42556 16804 75287  3613
26491 61993 69678 88292 65845
64863 53189 97623 56064  1621
29427  1278 63841 85048 10168
72853 61057 28059 79219 99170
67578 26663 75944 30281 48368
 5717  1971 61374 36694 94472
42552 12606 91543 26688  4646
68435 12477  9048 69509  4380
31408 42298 60962 60226 75528
 7043 60502 14471 84799  3350
88916 51747 69680  7012 42936
22780 24478 30217 73430 58925
92578 29272   611 52237  5728
23653 83742 55377 25273 97481
60046 73919 31234 68324 32244
52748 26051 79363 56827 88312
94196 83496 85892 20276 60340
34400 10727 46173 17985 99531
51885 14550 16205 70913 93245
73958 42334 80659 63959 35981
67851 89615 12447 23933 26079
44888 10906 32446 18402 79250
39369 49815 35001 66069 80657
80355 63587 94972 53964 13033
11163  8000 41058 83125 43558
60867 86647 86317  8248 86126
40298 40676 32545 39359 54899
22075 93157 94302 41578 26695
99783 24369 22283  8123 49300
88558 78340 17273 78989 20039
57945 89139 27934 34403 62047
69166 42931 26801  3224 97527
51655 96021 50250  7714 43556
93288 49288 51268  7829 13556
54609 97591 14494 71127 78403
18665 35572 96704 36645 98055
90375 23829 27833 67708 17303
67404  7192 71023 85741 72343
32313 41227 79550 91891 19243
 8916 23944 78844 92411 66717
40130 46883 91054  1202 32107
 5741 15889 67294 36075  6229
75169 86217 19556 57162 12318
83045 25103 84113 56740  8484
48881 41941 26721 24051 75581
14741 48827 64749 66908 11053
 9438 22700 14778 70890 70920
13563 47232  8830 80625 11824
36650 82284 66260 24130 42951
65668 10233 18969 65671 85018
 7240 21730 37556  8971 58024
41077 31907 76776 53376 75845
48006 47886 24113 11507 14524
44677 18466 31835 58762 23024
37885 27517 66634 96444 18079
56581 51804 92383 20592 26907
80849 74046 49728 47395 61756
43032 32742 60954 22851 83880
94676 81981 78952 31983 44360
13008 46389 44548 19430 85145
46531 68567 29967  9345 12865
37958 60612 63655 58379 91513
42509 79763 24364 20069 76803
83539 21694 23844  8530 47764
54530 73574 86329 90947 69299
29937 30589  5740 93708 60644
71669 66961 19399 37728 22321
78692 28484   765 70725 41069
75104 25933  2163 71592 97591
84834 98251 76498 91950 89208
24070 85365 88657 88164 74817
91160 48642 44565 89401 52067
94332 79095 63161 35510 54298
66349 78977 33240 60046 15187
11022  2113 89337 79680 27771
80862 38293 52530 91621 40215
  465 37243 46705 50142 47897
14978 26893  5183 32288 92436
13664 51988 67080 96573 50933
53577 12093  7043 22219 19684
49654 10277 87855 80523 99131
33271 54513 30677  6108 36054
56492 77192 95305 85154 67208
23316 75950 13686 54814 14595
12827  9285 68403 12969 94925
86038 99970 20219 41173 25245
46281 56613 81990 32490 66643
46425 84688 68753 89480 32961
41789 77893 83321 29297 77179
92797 38772 42113 28663 47567
 4500 89180 49503 21634 56380
36376 57366 21128 15814 70018
90751 96781 79760  4473 54206
90306 98354 62797 14585 43217
32298 57612 37140 17838  1781
87326 49759 86762 54964 68132
46839 94689 14744 27036 89357
32386 71685 51487 32424 32716
21317 48258 63599 72295 61686
31899 46381 74691 57888 75771
78864 49646 96297  1366  8145
40988 20913 49017  3114 41290
69538 15497  5595 66352 91103
41353 29687 76036 34450 17438
59548 99712   309 29324 88579
 4295 59026 41409 18068 98676
40509 28178 46237 85628 79340
35126 78018 50089 78710 61798
 9027 89085 91386 41684 84578
23777 15185  6920  8232 70835
52253 45184 89599 69773 69636
37991 45938 59055 80773  8746
22125 45877 62247 75496 14308
88266 89781 57520 35898 64931
32084 35908 43503 67552 89937
34342 32326 22670 81472 14010
 5488 41063 71865 27905 37692
34779 27308 81604 58565 23719
66624 56486  3201 93153 21687
60371 15040 28310 30814 43228
82210 25577 18651 79131 92778
64660 49259 54659 83218  1049
40286 55435 87439 65146 54511
18400 31488 16342 37531 64645
53043 76955 81002 50584 85315
53514 33793 98422  4837 51287
41077 25938 15888 26602 25241
79191 37379 88827 64913 59178
42295 42352 76421 67963 37699
84367 10158 96681 83561 68218
64576 62793 72329 29328 92664
73619 94621 42471 35379  7253
57339 48826 84227  3141 17593
43305  3641 50613 11696 82671
29685 28664 55956 91629 20805
92010 74879 78942 14550 70979
31145 78477 46078 80100 70209
25214 38606 16487 62097 41030
37713 39683 85637 68717 44892
75795 40549 86390  7357 74941
 7941 96281 38339 92297 81599
25615 36698 61203 95383 22663
20781 33329 37991 22849 38942
74478 54057 70203 89006 52651
 5435 37835 42395 92975 19260
75947 97564 42852 18757 60815
89847 62865 71443 71866 61595
85647 11717 93143 71119 51731
52511 52065  4309 17787 99187
95570 86670 19668 28776 51679
18757 53094 97733 63187 18009
73810 94366 32941 78100 32554
61417 76881 27199 53733 52975
 4664 76574 22246 71985 53863
 5214   233 34118 86324  1111
18840 29826 36735 40110  6047
37136 88735 74504 53198  2879
47731 75631 60654 40831 14474
41613  5166 38453 15000 14736
52740 83409 21976 41051  7928
30346 96866 54562 30416 16038
31493 97562 96314 88343 48105
19289 60198 45691 67974 98127
20427 83334 91369 62903 26151
48209 57160 81037 52641 96407
72199 53361 63005 94680 93968
67091 30739 79556 68603 67161
54689 69729 36166 87617 40246
33702 29425 81414 26041 33763
62791 72392 84239 81918 56118
67324 72603 26911 84235 50913
26593  7716 84653 63830 94056
61932 87082 31227  6233 19023
32082 70742 45445 51010 41044
97786 73922 13501 45742 66891
19276 41795  9564 76573 78367
78523 98799 86219 32478 77334
86453 47548 14628 85143 74279
86106 83897 74296 61245 86995
53801 58154  9978 31123 12987
81857 82472 85933 10721 31508
75612  3053 33305 89581 88550
37297 85257 87646 61743 11252
95158 58289 17828 71403 10152
 8591 25570 12546 47276 81095
91661  7787 65104 96975 27911
86158 53007 12831 46594 89034
88281 56740 81064 89288 57225
78876 67488 53302  5257 30061
72225 31195 78166 65591 62571
17786 32065 68008 77207 87805
99582 81359 67384 52218 16555
98995 40729  2242 58345 68784
79053 77758 24251 62751 30189
48691 28224 82710 67014 66451
11361 22665 93630 84953  2347
 7589 64842 93420 77450 90676
30651  7537 91029 38079 46813
28758 69968 70025 19038 32763
12898 42975 82388 71881  3490
95303 91272 31112 34724 76253
40022 83559 38278 65288 28378
49667  8732 80138 61740 38098
30884 24875 24782 79975 26227
54000 48590 92137 95833 12685
24581 71205 30509 86739 69244
89973 50330 36546 21185 66586
42031 90667 51707 68934 31527
23485 95888  1932 68201  9707
15349 97321 72797 18068  4242
46863 15012  1267 26569 61028
58805 55613 49692 59719 69766
13445 76020 14573 72439 55233
 4567 17252 88510 43757  5396
37610 21192  3256 83034 47516
13156 38255 99699 63962  7810
26349 14031 19543 19375 15064
90413 39666 91855 53497 24301
57381 76740 97272 76247 46343
11426 21156 98506 54178 65137
 5562 80052 80177  4489 31906
45519 62513 53746 48051 81460
 4454 69116 50254 77035 18201
42234 19631 57741 80299 63794
29381  1132  4820 34275 57929
79845 45479 57666 29795 59243
84651 23442 51886  9216 65311
  605 76038  3762 96610 87090
98016 87022 53653 45190 16224
25203 15753 10825 58450 94346
18316 71633 66316  8264 62950
72605 79832 42418 86053 62997
18450 81762 70748 24403 13728
30680 39469 66150 22505 22411
34569 34047 94128 53180 54163
71215 73749 96170  6084 88709
77459 25842 61745 77295 53799
77573 63340 53653 58345 96828
60816 31466 64069 29100   243
18093 63395 60010 78219 38600
16302 95067 93625 18330 67897
98424 68427 85080 64309 44520
92013 52104 41105 92570 87417
34501 36318 95313 60870 68646
  600 44265 56755 61024 51071
80131  2573 78767 89859 48295
11797 55961 21462 43764  8151
69172 80940 85075 52909  2981
22612 82415  5918 35099 22460
 9925 47326 62825 65006 37872
 8558  6691 73648 87118 94869
46381 43110 30865 95466 56897
92313 13396 89668 11020 77918
18798 17647 87686 81465 34369
 3079 36255 52617 22657 61387
12909 22394 57074 91951 71802
57988 45604 72106 14020 24857
 7356  4327 27784  9522 23603
26714 81819 33787 47805 53010
96261  4667  5439 62822  5852
15642 88862 80868 37185  7140
94601 29433 15427 95997 84193
25452  9430  5302 61183 70751
97310 55168 13363  4658 16086
81424 35901  3534 10505 54049
47957 28105  5810 80716 52147
41595 18596 17077  3666 62391
 2761 17872 28370 22552 72940
76201 85944 42609 53511 13237
29792 13261 54279 59246 48625
64840 91120   431 94857 22172
65169 14931  1910  5860 69960
22464 68269 30505 98519 39790
99312 20600 19693 86741 60183
21340 73268 84017 54786 82967
89800 94123 68854 12841  4152
58008 91485 32572 37734 81566
66286 42767 86390 46702 87167
87960 51806 72955 18852  6887
90590 58063 37270 30320 42106
 9619 76931 73379 23448  7906
91832 29735 82248 80052 86782
83188 78194 77922 38165 35044
71557  1788 41853   718 63251
80284 55081 18133 61761  8455
82368  2553 53389 73837 24957
31408 11764  9459 42035 12386
53665 14587 81544 17364 74670
23290  8268  6235 91221 75658
18997  1424 80558 66053 16171
20592 26278 48343 65464 17794
13815 45005 72487 55761 62188
67841 17626 62336 92983 28343
36875 64529 27192 75387 68364
75414 10821 71848 15380 78172
81812 53416 71468 51228 63066
53221 20167 96352 57409 85556
28161 56055  9315 53985 16034
68797 20340   582 96671 18829
78647 13750 70458 45427 82452
64848  7546 14445 27113 27383
31404  1226 23122 81206 42096
92705 59947 70619 11026 94721
23820 60080 74933 42742 97132
61174 96944 18540 57160 99079
40569 90659 76846 45278 71016
24256 56802 91315 76543 98642
13839 66486 66377 46420  8222
11188 77767 96796  4891 31857
59862 14007 29070 75150 78798
21362 72445 77613 87951 72682
93751 70922 37221 87215 78686
73161 51237 85865 67337 38334
55401 81971 67432 37571 98609
78309 89663 70881 10281 23732
38598 43010 70828  2989 25439
66600 72498 86140 56794 64595
 6597 65988 93847 12772 35285
22058 31739 28425 99906  8268
48284  7584 59428 61687 71939
64300 43330 54804 14238 98650
35612 27678 21691 97510 14361
71613 59875  2467 58471 60695
37410 47291 68516 65560 15068
91065 73229 79988 44639 31649
81862 15948 28737 87709 98038
99546 77173 34026 40823 98607
23254 85062 39534 29745 38188
90135 31741 52817 30783 50638
 3814 76264 95510 45019 39853
73411 79368 88883 14950 31922
58792 69911 86179 87652 89552
34386 51664 41362 62237 97983
 9308 50446 25272 87433 57956
47131 61211 16115 62816 38959
 9240  4705 12681 26183 41902
80714 90391 60355 63326 68966
33574 51703 32139 52997 43461
65986 52787 96784 84347 72190
27993 56806 94544  5776 52634
76908 47426 44724 62279 50738
37942 89775 87527 58600 40123
30621 74622 61408 72389 95617
74984 76374 82327 33954  1885
 1487 39211 30966 33521 52428
79318 68949   363 83988 33121
87139 52212 42221 70561 47952
23802 94703 69210   670 12525
32436 43215 48892 49042 88190
90999 12953  3546 88690 59234
41703 28311 86620 56942 41715
32441 12246 53021 74631 26943
17795 42103 36749 12091  9015
74146 88011 83202 93743 27168
88679 76570 24256 26205  3495
37514 38861 61005 97239 80792
93084 11867  5273 39407 15517
93983 73759 46074  1772 38299
92658 80728 44881 97086  2496
53278 37470 47384 42674  6600
18796 80180 12870 29003 61673
37876 62061  6438 38843 71640
52615 76598 81606 39894 52940
38519 51574 23535 57433 78901
29164 65659 72092 25027 85260
51538 29026 76182 13893  8970
67416 30241 68057 75121 27026
34102 33971  1933 35314 37691
 9037 91372  6727 31655  3551
35441 69132 61306 64810 16775
48305 10255 99627 25983 35421
80043 92801 89939 59223 23323
34203 67206 56161 42574 11535
98979  4696 93327 37657 24198
31530 91321 97402 82433 82538
 2011 51484 43940 90286 10096
46412 77865 90683 33575 95287
17148 91197 26728 15629 69061
44125 92492 67289 98313 91465
61874 12008 54507  2830 63477
18909  8860 86624 33309 30878
13200 76082 62811 69007 96941
42304 80390 62540 40258 63815
80961 30166 17379 29088 40954
83978 33622 29864 23111 57984
30406 21833  4039 98441 46779
73993 83587 21475 26817 82947
39414 52466 81813 86787 99931
 4321 31747  3673 92000 99662
 5822 48046 52962 43258 72931
76942 43285 28877 77623 56713
92346 95856 70042 15473 23639
 9013 90344  8107 81694   363
33117 37842 86987 92664 69468
  849 43847 47798 57009 80534
20086 75968 34487 64086 17077
 7217 72057 99877 72089 31828
34037 11048 18648 66360 68674
66095 62219 15074 58484 45250
46819 16364 80598 86075 55824
33213 42864 72843 85466 62409
 8757 33469 57442 57936 43436
 4929 70066 57044 58758 39338
27924 79642  6697 80410  2688
50222 75686 34262 34747 99199
74164  7690 60161  8210 15064
92878 24860 90741 67326 27926
28061 25376 38087 16992 40701
72848  7928 31909 47707 89738
15240 64831 46573 96693 16759
51289 33651 59821 22262 81088
80988 90628 64640 78430 47394
52486 43396 17106 49211 98490
90686 23392 90185   418 64597
56916 73489 14321 96926 78587
36296 32528 25744 20333 49571
 7376 59044 66004  1533  4597
13639 93891 97188 72170 43218
43374 54655 83654 19115 49668
55992 43827 56661 60208 76098
53829 75980 26904 93054 34288
44013 80526 92104  5556 96984
37043 57912 41138 62621 45961
49074 38618 29126 81242 43305
43886 89346  1481 93464 87687
79475 77553 66071 16926   290
92084 23296 92040 60709 46409
94558 47675 20029 64713  9268
16794 54624 93856  5640 30979
12423 76875 26409 41403 59258
68879 89852  3753 69659 21517
65687 73359 74838 90780 23129
77408 43884 58162 71612 62163
88653 23521 50144 97797 44270
75170 88077 13692 43452 77805
16387 49714 38348 62663 42673
71501 47036 28384  8267 58976
51998 80281  6196  1130 48154
10609 88929 47778 74140 47862
 8529 20495 13929 33438 75471
64399 97090  3555 65204 40254
81265 91033 39302  6506 76487
12748 52155  6037 69209 34456
57210 19262 13785 86882 49906
93022 76431 63193 59595 81117
27201  8817 13780  5463 60237
14140 79585 50059 83282 41119
26238 33225 32415 21878 50507
41960  6509 66762 24950 71371
84071 24270 39010 52334 32745
56278 60148 85321 93066  8105
69012 68501 38854 54453  2057
22400 86201 53446 24232 68776
 1157  7891 62439  7822 46473
78404 79434 29877 45347 22974
77737 54187 86647 66663 90070
 7838 64444 85759 85803 10357
42700 80848 57671 80827 18787
21159 55089 45827 28879 47037
19905  4139 81345 50891 45157
43449 19589  1726 88476 51835
31704 21540 95567  5765 91660
28397 42908 78534 88301 33319
99119 35393 95690  5157 58191
39626 53517 39743 31492 30136
69349 60143 21323 35155  1306
90040 93248 66348  9410 36356
95599 84252 75818 63018 87925
14268 68134 98966 75556 91407
27961 62082 78182 23813 80446
55575 43327 66329 14444 50551
21264 97106   495 49453 34554
88657  4013 73224 36238 96611
88034 19774 15014 98409 68220
38851 29286 56058 66564  7217
 2399 37166 16915 86866 81139
35992 54994 44852 26964 45250
90002 54468 52169 55218 22985
14724 91271 40237 34424 34170
37451  5491 29518  2539 45217
33764 96629 40785 20469  1940
98389 24174 98224 13931 83830
 1785 75492 56518 40361 44256
41483 90433 18603 39399 46168
 8481 72636 98103 12687 82170
90504 49062 63021 20859 10360
53816 42066 23475 26490  2360
79886 77455 87089 90207 47042
74863 49273 99185 90995  8729
68624 70313 50740 33326 73787
43752 27427 80404 78671 78288
66278 71964 39604 75143 27111
63371 97733  2683 83209 38316
67755 57792 12031 54490 54874
11969 86280 37333 84469 89487
 5347 17889 18886 58828 18569
46959 47095 77282 40256 85104
65602 19977 35487 80863 42140
81792 72101 25989  5744 74755
91182 21543 81505 51882 63614
16892 85863 38672 77614  9201
71581 17792  1189 51780 55268
80847 94821 51421 77719 95289
86538 64264 51192 52932 63459
 5177 26915 14692 56496  4519
45575 58844 55922 49411 50065
81204 63578  9981   380  8989
59003 79922 42235  4060 31626
43762 47315 15456 49273 51438
44405 41593 32390 22894  6801
16215 45954 31007 48522 40738
81635  6203  5150 98878 41558
69311 62417 71342 84753 99615
54454 70994 99641 71685 65149
56452 96097 85924 77134 31549
77303 82274 23807 80602 69391
80675 20119 16759 87415 29731
56297 76905 85168  4520 70522
91460 73782 52475 23559 65013
94187 71549  4111  9354 17356
96516  6164 57177 14127 82290
 1273 12677 46287 87118 66700
55705 31039 62391  6878 49782
18500 18291 10773 22439 35496
74336   989 17827 93654 17354
69087 43790 52923 84003 98111
78969 89834 45341 15551 19128
57677 27163 12040 92195 46872
61933 13029 85194 38424 68887
90667 95112 15185 63228 40761
96450 59476 13813 57867 96303
63351 19435 95510 36716 34030
86854 46819  6556 58618 33600
 2242 59345 13749 92338  2712
63287 25391 63096 43604 62765
65242 90238  1856 97461 83461
92380 55752  4082 48153 69662
74385 76882 36377 66687 61646
81668 92653  4481 47529  4610
37495 20571  9013 26082 65924
30046 64501 56818 67664 39172
67394 57409 75822 83362 54091
21721 87621 24755 22635 22312
29572 54427 49406 18356 69193
86423   824 17298 36321 85665
92207 52256 65001 62447 40323
15775 20811 77939 81679 19377
29653 24610 23367 36287 48878
88162  2183 34022 69259 44432
 1532 66419   550 75210 87615
12988 27475 26908 87018 87390
75078 71691 91080 14930 74291
 4728 35910 76995 76179 70147
18291 74240 31105 20917 17953
49227 86867 82575 55087 77103
82923 40078 78261 53736 98835
35980  8761 83377 47730  6329
30670 61475 27461 21390 31913
12378 72202 58769 58211 65249
28863 24790 90864 33123  6498
 9385 36334 76264 69185 66417
25750  2203 25644 94282 76113
 1651 30669 14464 92996 43437
44100 75232 72792  7266 89530
17704 28132 19814 29373 11769
48440 90726 63063  8473 95607
87203 45719 97276  1974  5567
84732 61545 47447 12582 51870
93462 58205 83922 28503 59213
  106 39645 91564 65756 43274
36509   840 40767  1757 61306
43124 38855 93931 56412 16745
53761 52655 61733 90835 42924
20199 12062 44695  1805 13897
18316 78070 51991 90371 23835
 6918  7054 88887  2723 96196
51021 79978 60349 88392 12951
43983 20783 95467 60952 41269
 5949 77448 37111 66817 36557
23584 21956 15959 36662 26905
42421 77929 53442 26076 80415
20777 22865 49063 59398 62421
35067 70169 23436 60194 43794
75106  4617 67633 44018 50840
28689 37295 10976 68945 50184
80923 49177 24851 22203 35992
64736 79490 49655 56169 74399
44595 55332 22152 71539  6924
45260 94721 11679  3482 55564
94343 41977 61065 77746 66544
84081 52979 79517 55941 96873
  981 79737 48458 79567 15363
74200 56797 71207 35992 16139
73269 96836 46630 96054 22772
44660 59752 26550 45118 24408
 6769 56238 87026 12060 14922
98171 12643 25688  4552 48917
21994 26285 86265 49524 59841
55577 92539 14533 58328 14905
91814 97771 56918 74663 77166
47602 88756  1229 88894 94285
55347 13431 78150 73313 24966
88999 32750 50803 15411 69682
20993 74534 34237 57865 36919
98441 52814 20690 20688 44089
39344 94946 52661 56862 55399
57286 71636  8823 93940 86377
13112 72299 31746 15700 45455
20758 66191 52462 25947 26293
44253  4323 66248 42278 20372
 4898 29183 48695 54918 40629
69470 36496 43857  7592 55564
76193 58968 58230 68955 66965
27739 97732 71473 45631 44458
34772 11653 87154 15332 65751
 7857 52327 44194  8399 10539
98796 31289  2625 63397 10483
 4085 80659 80832 90100 54830
83852 85224 31308 62461 26378
 4876 46535 59674 65581 14518
97939 89474  9980 61105 21827
85098 16916 44279 34813 58962
29114 32452 69216 51343 48869
95831 39607 16557 49413 42450
44446 40628 97884   735 81863
33386 21859 19828 10238 12963
97129 14930 22055 34486  9667
54573 92889 32461  1882 29955
36104 50391  6195 84448 17128
26060 23479 23007 10067 66632
20227 70071 78510 24582 34796
23692 91059 68612 50699 87867
70468 34823 20734 39811 70303
39680 24997 99831 31018 41531
 2341 21614 46367  6355 50567
 6695 52807 47092  2475  9997
44893 86760 33157 25854 17871
21965 42647 17378 51319  3027
98057 73930 69887 89126  5306
 4049 35254 57331 84595 87981
43229 78899 58689 15626 13740
67747 37053 87844 71192 91212
61422 53919 53555 18686 47351
 6508 34162 15915 15435  4882
26902 18708  9648 65579 74304
38206  9762 29420 98440 54639
34160 25423 64039 13348 59654
 6246 11552 43338 83529 27435
35928 90483 52889 23807   713
44094 68777  9849  5277 68600
51541  2455 86185 36294  8647
41299 29699 89663 86301 61806
72956 91538 75502 37715 74656
95165 45583 76934 23282 49974
 2818 68206 92209 82503 12125
52549 93432 11416 92445 30817
59024  2810 70962 48128  5348
96706 85227 36241 25903 92453
45791 64973 86312 13308 14893
17543 61665 17698 62757  7051
42874 94537 85301  1221 16777
44647 55916 98366 49684 35234
85552 71407 21024  1358 56312
53661 62954 22816 74599 76088
10825 95726 35340  8383 85109
71657  3675 17268  7133 97822
21519 66872 84282 52262 37796
96194 15174 57552 17230 20377
26581 71025  6370 53786 19964
37111 24659 29475  1085 24463
28231 25420 39908 17275  9671
30097 27835 88910 11079 73756
89731 35883 19795 89045  3092
55238 84968 78275 36215 20418
15927 79463 66531   961 88259
67106 87612 86043 69327  6912
85105  7711 36111 44158  2962
91054   130 54248 32846 33245
36515 57866 31602 14844  5566
50106 36691 55972 51641 30807
96303 73073 67810 72096 57731
92493 83236 76963 58469  1554
91877  3469 68926 51009 84307
51668 30556 76855 65407 58919
71570 42777 90077 63754 53464
11748 21301   231 38389 80462
37732 89417 49346 90436 67432
47482  7438 18399 34195  7468
41066 33542 98499 61481 27569
47922  1908 55037 96909  8355
78897 97499 92414 24870  3310
 9452 72365 89095 88939  6475
69738 73247 62042 23817 39804
62816 86699 21936 75804 92648
37614 43430 93271 54739 29019
34074 12715 29045 76947 41258
47844 99439 52145 83485 38012
20325 56048 31218 54233 24793
72353 82680 73951 68702 98713
23562 73144 19430 39330 66098
22425 72367 86709 87757 94955
91170 38152 59096  4087 54226
45558 25623 60446 66376 40562
25123 71677 20138 91843 92307
85216 10714 34103 27848 14808
 7232 25401 77161 85978 77710
83211 77740 75330 96166 81078
13691 83926 94538 96223 71368
29242 35570 86194 87188 64952
65809 72735  2422 37174 65449
 6868 59807 97206 72100 48487
 8967 72704  9515 96157 61763
36739 56158 20446 79024 77282
63974 63822 52846 71782 57003
74597 66769 42725 95922 96645
78025 22382 46969 49855 33236
63873 64559 84515 85033 36201
24282 85539 87071 41803 85735
31123 39075 59518 33478 53089
87784 23185 71216 90149 74987
72636 23827  5975 75216 42831
 1988 18340 74287 28708 14440
61873 16966  2526 78117 29776
14227 67905 69789  5247 32433
38050  6816 19644 46122 52733
59939 71761 46528 54900 52146
27947 63077 33216 59474 67445
17384 21076 14364 83089 59768
49859  1710 77771 32900 92388
20742 92199 88149 81748 18693
20044 97148  9588 99308 81214
23070 64113 84614 18576 74981
19537 73855 93728 60010 36985
56964 72897 98525 28852 85875
27458 97444 24205 47927 68081
27930 87024 37046 52980 20691
66636 68097 55293 21145 52253
23485 67306 80331 38746 55392
71859 72623 77036 21450 62049
28768 60964 95966 54408 91480
35767 39442 96670 67872 84606
 1169 66961 31403 28299 59349
61081 36694 73724 97567  6945
42724 19518 89713 11174 75177
92478 82493 67443 23131 59622
 3473 24388 20975 60266 14163
27907 27385 72405 41015 77523
84413 88616 98467 46088 69374
21415 85564 55036 22165 75221
15054 98665 18859 16127 26027
95930 25333 66894 54367 34220
75161 94096 67341 19674 79205
34034 69744 98987 74546 51911
13114 27685 38501 46370  1095
65941  9998 51874 26774 81171
30345 23099 57543 49776 83502
70470 36000 74378 97911 59820
88633 54580 28288 65203 44033
88926 44152 70473 65086  9355
  117 70378 49501 27993 86294
90353 20705 57134 26656 78412
96815 37572 12980 65730 25383
72292 45375 47819 13088 76962
32506 12332  1483 51544 59356
52064 88786 50213 84287 61302
83822 86380 28467  2316 85927
47552 46758 36519 28869 90873
26447 80129  2359 44972  2639
 8128 22413 39411 97623 84387
58484 70202 64589   427 24210
56730 67086 63910 12570 61009
92392 77078 75748 78877 47463
63690 60979 73501 36715 49799
98961 11500 21794 80145 15383
68901 74391 11227 31622 74574
48710 14050 57638 79280 82242
70313 33898 74011 34431 34930
76002 97498 38430 11227 38641
18355  9582 98205 82422 39263
39195 78949 87484 88308  5792
59617 34380  9084 96642 60512
54200 26520 97172 38565 76132
 1058 92395 98755 85926  7144
59422 36985 36481 16797 99232
 4439 12219 26536 18188 48114
51142  2297 24344 19817 66476
76095 98719 77373 20339 58065
33194 48389 53467 88499 64677
91180  4359 23663 63348 88688
46634 69674 98308 36999 62025
22906  5509 56312 24185 81658
93772 57250 55181 52447 47531
54363 30346 56925 89678 30490
56384 24453 60520 23134 50645
61030 74647 56140 36042 64653
79297 58621 33041 36627 54054
92366 66607 84545 95874 39200
45224 62230 10812 68114 64282
20640 99457 74750 71366 10804
97287 14523 67846 89002 37895
 8146 40201 21231 49558 74342
86694 41663 79971 21068 86634
64276 11969 76762 62429 73589
88630 64918 96327 59295 20548
73977 71406 32090 88706 56916
64141 47919 45050 27305 41177
48476  6534 39831 31964  9789
 2336  6186 10580  9198 15966
71341 98465 59602 89309 92312
38393 25614 90897 17506 50954
86394  1951 65808 26729 20609
19329 15295 73778 88162 14223
58919 10786 54995 97466 95714
28430 40700 85684 33340 68537
48114 89506 10516 22196 16517
14862 56279 22937 34487 29901
55973 18432 82996 15661 96751
32492 23792 58603 12709 17721
 9623  2967  2247  6789 54692
77746 81427 50448 76943 88426
57668 99242 93153 98302 78609
 6905 74439 98098 62720 96467
45113 90274 33167 52516 28384
98544 69990 31880 53285 58550
77851 76052 17057 47374 37336
77721 74764 27666 56742 44842
58250 20574 46659 74885 63379
31001 83163 20178 76579  4202
 4775 83978 78112 34130 77585
52636 36667  8791 69876 77166
19123  8376 55420 11911 74049
34479 73911 56291 59719 67950
69481 75883 93364 94949  7281
36953 71211  7611 95459 36899
50463 22094 93841 18686 24958
21589 40925 27309 36084  2390
21290 35349 46748 88665 98758
89205 78896 92427 48936 91888
83058 40964 70973 23022 70974
71870 69415 72416 90286 52080
91475 48583 95439 20394 56880
58121 63983 11422 44188  6542
32014 88544 32206 42420 60933
61067 14252 60990  2118 89158
83550 66127 27004 14745 31497
14855 15478  6893 33305 39757
66340 35895 90002 37617 52669
60188  3747 52093 93403 96540
42665 64617  2346 69728 91017
98474 48943 56222 71605 22806
97323 22395  8453 36738 38106
95395 48593 29752 92241 57056
95062 39970 39760 26589  1737
33598 95631 38036   447 61200
10460 89074 61544  7923 78021
95225 96846 95984 39883 64155
21184 14806 77262 58095 64377
73788 14208 11878 89338 70033
33325 52823 86789 86092 88196
35424 89622 96540  9489 60873
84579 29180 60067 68118 57736
 9956 50853 76815 66464 74531
97295 72586 26970 47390 28921
24177 94338   156 55954 32306
89844 40903 69379 67982 48307
35857 69072 10587 38559 49357
17519 87587  3045  9090 60575
44920 74042 89812 53700 55517
 1673 82185 67880 53122 86359
82929 38262 93242 69331 60053
97247 68276 43218  7185 43475
27571 64394 21590 72958 41962
 8425 79737 85865 62990 25448
  622 81598 59837 14127 49864
78475 16504 72073 74153 95411
22151 44908 84957 82713 77673
62132 60243 17623 32390 75912
47854 11232 91596 81271  5805
57651 55323 36287 89473 46322
54518 18315 18450 74941 77628
23349 69416 32804 72056  3900
84518 34348 21612 60402 24102
15197 77559 57537 34274 46311
24265 90395 87929 24686 87578
68569 78602 24054  4704 19195
34198 33928 55698 16180 51717
59603 35617 68088 24727   289
84248 29362  5865 91544 92269
64296  2480 18783 52452 17191
98003 63346 73694 37016 57491
34478 61658  4601  3807 40450
43953 75315  6641 49617 47081
93363 37878 17422 50930 76813
82860 80781 30823 13945 52291
47969 43603 46441 85857 88853
26317 79309 78511 63799 40807
21146 40314 37761 84421 37292
83270 62363 95870 72205 83141
46735 10358 41821 34075 58374
74183  6385 56521 43530 29236
67496 27720 65344 86867 62224
45298 24172 12341 87107 87436
45805 72908 89079 90376 98262
44189 85762 12643 85892 32248
14508 92471 37657 77432  6153
77990 17091 60812 26433  6175
71585 56216 67235 45506 64584
59651  8046 15633 28063 32414
 3932  2341  2013 66080 46375
62614 44134 11854 81078 62066
69818 75969 96871 17282 17885
26876 83997 92753 27430 41644
59378 23523 62153  6057 13979
91470 89027 51817 99302  4737
89765 15461   122  4444 37837
  249 58197 54413 32021 84683
60762 20476 59098 26051 54194
41586 99443 78952 90800 90474
 9195 57138 27581 22694 80127
54999 40537 53922 42921 49484
48763 20038 17599  5484 84903
98989  9354 59303 72308 46285
88714 11465 65834 97029 12984
74588 30063 70724  5753 99264
96630 93160 40097 57526 79945
59311 35829 24457 31154 82196
64364 79848 80768 61203 97916
47636 45430 76358 98734 39799
67575 70357 85775 15697 89429
71579 70141 72356 12380 48911
90692  2423 86276 27815 39602
 5267 60373 78295 14920  3099
 4536 70302 63818 12047 37524
48450 13250 27545 89309 42576
26585 26495 76838 66818 29965
83347 87943 86997 85628 84236
70747 46610 41042 67113 17214
91949 27675 48041 62881 18509
55118 89331 84393 82783 14449
79702 58409 57204 45822 57519
38231 83704 95113 86278 56541
49856 54983 34619 43474 71108
82906 18984 21864 58159  9480
85525 46827 47912 42944 66530
38006 16811 53021 63164 59182
13093 44963 54692 24870  1782
65598 81418 85760 24362 24290
24951 30034 50417 57623 67073
 3067 43019 60971 32219 21850
73391 66529 56572 78939 37666
65514 91037 61480 67690 16167
60598 84051 50678 43306 59791
 4994 13920 33267 95337 95345
66759 40727  2093 28099 25819
60528 90924 17110 23668  7490
43854 53388 35614 87594 74172
53982 50803 48659 29161 24004
53183 88025 48042 81415 63320
56327 69239 45779  6837 62974
 5598 41857 94230 18826 40828
23463 91008 47285 62510 87504
68336 52298 13959 43223   646
87689  8902 72874 16260 81101
87550 18710 31838 97251 94992
56620 25830 41144 45928 37691
13878 88022 38035  7738 97493
35188  1830 30236 97111 34731
88189 76685 22171 76092 13947
97663  9032  1546 94359 34617
13890 10056 74282 80057 93400
17544 31201 15594 52094 60912
30834 24777 29254 75705 57554
79105 91950 80998 89902 98205
83196 43594 41069 25321 87232
 3803 98289  3162 40871 81265
17179 26479 82680 42520 24606
78168 10041 65373 83232 56670
89640   658 55046 76204 45525
66137 68294 61828  4975 76457
67762 75833 91456 37968 81013
11779 58240 61720 44096 97894
80586 28611 82403  2872 77703
 1019 32769 64250 99125  5303
86092 97912 42584 95208 35211
24237  4840 92760 29017 53660
13214 11314 56362  7098 30328
99965 27914 90748 50907 41081
13502 97331 60264 91572 60851
23703 84484 49633 45777 32821
27825 98839 26933  6278 20828
64617 73073 63744 80620 77250
70604 50324 24790  4519 88864
82684 69391 89619 90445 40418
61863 57827  4965 57744 61101
74190 54429 86098 64508 99533
42097 71837 51028 34299 26374
82732 97773 55933 39123 67467
22930 93033 95380 23592 63532
45128  1880 51321 60146 63802
85080 86584 63098 34524 77772
92925 49870 34925 88372 32527
27790 43043 46109  8142 96214
28209 60289 81371 51646 21184
71507 92467 39793 78247 56794
12984 40721 64947 89614 90262
93274 59480 37203 19394 22494
93742 92253 56513 17588 69283
44506 92040 72655  7595 92965
10164 67036 45779 75604  2941
97882 90033 10574 10844 13506
14526 81132  1720 96616 23371
94504 58952 72275 18395   722
 8954 10504 23625 60358 51915
87372  1080  7918 13917 26909
11938  4997 83157 13700 88867
 3942 60225 84681 50467  6505
 1836 17681 77200 32993 61635
38020  6807 19347 15665 73142
19089 62906  5729  7172  4168
44802 91004 92500 37180 18308
 7053 87995 25870 24207 81829
75786 21888 91404 83323 20498
77794 10340  4824 27135 67022
68007 99225 15289 49267 64677
 9607  7692 11195 35318   683
69112 79336  1778 48775 95509
  380 79126 35329 36845 97470
12628 30179 74255 38641 24921
47218 91954 68801 56323 32456
63084 65414  2223 87305 69310
95403 15391 17702 37341 40654
83792 54744  3079 18030 38017
80764 68529  9293 55454 63463
37859 46054 37888 10142 47145
33011 26445 74250  7861 55958
59519 65882 18560 23350 79459
13850 66597 87353 20983 64487
83353 14816 43877 42841 50950
26140 93674 21046 36865 21483
86668 89958 41284 56129 20385
41749  5835 75404 46490 90118
99051 91029  1934 38852 12839
14805  8917 70146 78239 59050
26761  8167 91708 97813 13939
43540 37051 52693 17092 57171
61908 18893  1026 78861 75442
21329 94953 59047 40181 12556
22408 90736 35933 53956 80404
32526 36357 69285 69950 15196
 4336 83438 76982 71908 36104
72471 66596 11230 13535 94011
40142 93059 87022  8743 38256
76291 59332 90812 34918 68684
35270 42312 93633 84883 69321
32548 43331 97283 25251 26921
13865 91895 90850 25617 43744
80188 17235 14329  1705 74295
63215 10779 81488 81614 19349
67473 96672 26998 53499 83002
 2823 32070 71676 82360  7788
77755 81916 36211 17024 90834
98897 48730 36516 91678 11209
64513 94211 14484 51973 61142
38778 40691 58642 17517 32939
92434 10369 49081 40196 71149
48212 30866 60391 18092 62981
 4321 59267 59693 12485 48850
 7462 94055  2438 76546 25054
71533 50785  4930 47001 64867
37559  4719  3414 35754 70807
65161 80827 14298  3843 59734
31451 43185 39515 55798  6554
97530 35840 42697 71448   724
13752 29535 93790 31310 44943
93563 24782 64048 71243 83210
36370 47122 74872 20366 78641
47688 72687 75362 40892 70649
 8806 39050 27795  5043 83930
84776 24730 37641   992 67344
19097 95857 81263  7345 84246
99189 18031 81281 60954 45067
81643 94008 56681 37080 95560
34016 52722 97871 75271 37124
69946  4365 67456 36170 63735
42830 15931 22676  4330  4339
77654 12508 18414 52906 32919
12927 37153 54901 32253 41078
 9885  3159  4508 85058 94177
61528  7447 18942 58712 63045
49915 92412   660 53396 55211
31946 36078 12221 42075 57556
70142 30105 31048 15615 67621
 3798 38850 96855 47917 94694
 9322 48083 22179 39371 30703
52947 74128 20878 98113 44266
30110 60133 50542 56837 53092
73600 14988 85419 18705 16175
84303 76646 64217 31115 50921
66232  9894 99336 10617 75112
19676 90267 38272 40674 38527
22842 34730  7496 99304 97217
46014 84824 74299 45394 32439
16324 84667 92578 76330 36427
84752 80883 41121 72459 34502
 9360 45066 29475  8104 96275
23922 50022 98390 82940 35030
83701 48454  6310 40586 65738
36516 73460  2409 97708 70061
78994 55975 64534 87442 21362
77252 63587 18092 42909 58903
17912 90687 92938 14330 33799
35460 72280 77831 27748 25832
40943 75982 66010 81252 60865
82124 32672  7447 96291 99243
99484 99138 68995 81846  6507
49122 28243 93299 83011 44921
40949 75168 70981 77064 52611
38706 60239 29131 93551  6397
70400 85365 87578 14239 12835
42356 75131 41513 85751 79617
26031 25351 81193 93055 12765
81252 42141 58371  8506 61845
19645 50020 54519 14743 58865
58001 30200 73221 25767 22059
42469 47449  5624 45693 86151
26191 14307 77971 53914  5855
95715 67729 20918 31110 89678
81524 83908 98664 56352 64702
21132 20366 80591 86078 10910
96547 40045 35776 52250 49576
71443 75543 91257 55298 98894
41995 74318 19826 21094 22956
55261 74569 28528 73136 73086
53168 41987 20709 20523 88126
87682 49895 80380 90743 21454
12711 85330 46574 29245 39926
55530 36912 84789 18476 66185
83723 17130 51158 54758 42985
30608 99034 60435 90652 63148
37223 89772 53941 70066 88793
41247 52140 50744 30951 40905
68845 17707 80837 78911 69923
69698 98046 79976 84811 14615
84226 38481 16666 39180 34592
31692 54226 83115 89596 75329
89085 73746   827 58815 86030
84676 82100 75820 13814 55440
 1726 29138 30119 80054 43193
31739  4945 10675 27477 76192
80269 70555 20337 66058 58522
31489 53340 98541  2466 65569
19671 89976 68547 20814 42101
 8776 24032 68257 45070 17184
  313 53133 10182 76045 38172
84896 26600 90906 66851   654
16466 76675 47586 85985 91455
20965 94442 18680 88504 69599
37625 66895 57713 57930 57516
 7768 53259 63056 75691 42505
96449 85484 75992 15057 29421
32970 90904 44575 40805 48879
 3000 77423 43190 65131 83644
80641 20626 49383 94766 40647
 4801 46022 43745 58467 77317
69339 89073 73038 49206 18560
43125 22654 77798 66893 52405
70572  9660 64370 15821  8366
89629 84211 20102 44841 39517
11088 86618 38094  1363 47047
51887 24090 29855 99082 12342
83112 76689 97285 46042 69285
14587 76039 99921  2134 68601
42942 24358 14984 28935 49570
37570  2168 81907 17117 53376
67475 28578 37704 37955 98175
35042 72997 52888  7313 89312
52728 78921 60070 52408 98998
33941 59572 12334 22385 29540
85138 21409 26092 32825 68419
12874 19774 88899 60118 12045
 5123  7993 35351 41586 86782
52811 90612 31331 38075 42830
81561 71540  4524 24021 59406
 5755  5703 54684 52048  4694
34086 77161 47017 58519 77306
73852 27813 35708 54952 33354
32974 96288 90806 37652 23494
29428  2096 22741 36584 40227
 8275 67675 79597 24095 60334
 7491 10011 30188 88909 96464
41089 10640 71269 84786 93464
77298 76553 82752 21366 11661
48812 18064 64859 27132 34059
64002 47111 18224 63273  9542
68094 61899 63196 11430 39231
84319 27034  5485 54462 32835
40987 28092 49908 26213 91136
74707 96959 17456 88994 58645
46873 81079  6133 83475  5539
78785 68179 98312 24630 85770
44486 18522 56177 26927 60109
76388 65328 38280 51857 79443
49473 59815 20535 76602 96287
59637 60182 35165 71990 13465
59792 44044 35615 87648 67119
70381 54177 38206 83752  3129
91694 35108 24875 55609 18514
80875  5709  6273  9201 31571
80694 71067 70515 85086 53018
46335 93039 69409 15040 12940
73690 71586 43465 84194 30121
99271 73080 73851 57659 40008
68263 28420 86600 14652 17543
 2734 70333 43699  7771  1112
23994   582 29367 65770 84995
41636 22713 57429 26295   341
19703  1763 72730  8817 95368
83852 59697  9059 89332 55578
80804 54592 11286 91716 22679
13334 35417 12322 90684 88999
 5810 36588 50191  2517 20552
54864 72801 81837 75096 60972
 7035 67426 35747 68414 83935
10573  1895 74534 24479 64925
27846 17346 12752 68957 60874
 5272 63748 78232 21265 26633
50806  8107 70401 87223  8417
73121 58372  3301 61802  3226
 9573 59861 79285  2916 51391
32934 69131  6443 90468 53962
10509 51585 45798 94193 28323
28419 86754  9656 64555  7228
88553 51551 87963 58385 39033
98373 18497 79131 36820 91679
40862 89875 72799 64969 24182
97981 96891 96105 44905 35029
77451 46356 49138 58821 32462
84839 81305 83915 31694 48117
18610 15100 92266 71337 89889
37868  3161 39277 97459 63974
96186 87448 17681 25794 77804
44278 90827 80374  9877 16709
67169 10915 66717 57791 96368
24018 43797 70797 88689 41885
60667 39463 72994 52686 81177
20656 96844  5797 11923 38185
28606 56694 96117 91362 75304
40977 65249 60380 12171 10565
61504 40821 76792 97491 68094
50651 90877 86790 81248 16572
99780 82873 13036 83184 33346
 6202 38203 57801 83443 65867
84808 65855 18490 81970 69709
27388  9031 13934 23853 81743
 8842 36591 43916 60834 32882
38765 41207 50527 52104 79299
 7861 58040 49179 85330 83683
74657 40537 19853  1031 62209
93665 51227 22347  7832 58393
98244 20696 32911 22462 89661
 7573 57762 38196 89895 69811
 3368  2783 53638 88991 61088
93560 89714  6248  5720  5084
94973 18866 62708   201 62993
84731 29629 39576 82895 72333
57655 56873 51608 37918 15525
10763 80073 78386 34078 61925
43979 81056  5894 44819 14182
28893 96329 86465  4906 25636
76439 93888 87490 19431 89644
83571 81634 88039 57639 60214
38590 43703 29570 95168 67994
73146  4560 53680 96467 65772
99232 97077  5371 47358 21144
43494 38689 56078  4345 26137
37860 31727 31976 97310 34898
63754 87290 92893 87466 28775
57132 83779 21041 38226 62767
79678 12457   893  9910 46523
97545 67880 29936 68770 29005
 1955 76680 13037 36324 83790
77940 39847 21290 82464 33539
67742 28565 92994 52103 59452
88744 84334 54882  3863 90180
80873 64113 30515 12619  6745
47981 47439 51419 44482  2351
64324 89454 26378 73375  6800
61588 67837 91391 83996 47655
43978 73152 56957 14975 27456
10216 21554 25966 91033 94686
85760 64891 82184 49447  9442
79157 65052 58312 64242 67579
15197 14149 11030 10283 67973
95067 84464 87592 45927 88459
33284  6990  2008 94133  1734
89024 90572 64131  6263 27297
99417 88572 96702 17726 25778
81133  4523  4685 64971 39243
40356 30639 32637 97173 50481
51980  4103 92660 26510  5360
79355 70509 46207 16932 48857
 8376 43778 59636 53974 91551
37735 41457 69457 89504 11897
83578 88048 70137 85110 94353
19055 41202 44604 98906 30377
19218 26040 57281  6668 29782
13660 81736 58963 62890 26122
33650  2319 38942 26987 86764
65587 95659 66635 16539 73516
17091 27285 95529 97065 87477
40322 59555 14866 59837 70565
39292 81053 46022 71550 66620
67743 94287 76967 97832  7918
 3766 52993 24261 54758 45121
98133 30469 69672 14342 49147
97882 40883 72222  7990 77453
51943 93364  1956 88974 17481
25789  3640  5070 68875 13136
57378 93702 92007 29484 55276
16759 43495 92533 30701  5347
 1729 10325 30606 22368 56413
28593  9185 60821 60485 31647
75026 89428 22973 95713 54083
55356 83963 45287 31616 56667
20910 96344 34861 41077 89335
 2142  7027 30467   683 99191
61546 43151 61745 89249 19171
56740 39146 92919 32667 29858
99648 45012 72623 23177 15567
68058 25788 91899 33755 54051
20590 48610 87203   357 54742
62571 68629 57313 99833 97807
28843 68571 99976 14987 59478
85970 34177 30010 85105 12886
98915   360 82193 91452 85660
23705 59544 21490 64531 76103
 4131 37172 25626 53040 17621
14352 87792 24243 17816  8984
67560 49486 44558 90527 70713
29923 16969 10944 30880  5143
19528 54735 96837 20862 22698
28369 16824 73489 26672 77304
10352 78513 97466 33521 80828
62651 98029 16967 32968 39495
86271  3869 69578 96759 22004
80020 50627 30347 10672 75377
69655 95660 72680 11174 80849
62905  1139  8296 72145 70436
93098 69448 78048 84832 73899
89299 16556 55278 99682  6731
73997 81395 46947  8923 88528
 5116 44369 11012 99904 37211
43625 21589 47852 92907 57385
56433 22352 69198 77904 66667
79854 80839 34944 56905 57145
83692 16085 13071 53879 54120
34327 71069  1206 51088  2936
77466 16592 17997 96870 21982
20170 53340 45560 10492 28189
82501 31502 75468  4778 61419
86623 74281 29619 41135 66341
18406 67022 79254 41726 21605
79424 12579 30430  8742 60419
58746  5359  1437 35113 76020
66981 32172 21888 87711 55971
40379 64935 33389 90002 73402
19318  6093 26859 26984 77717
 5862  5713 29100 94805  5545
40742 84378 74677 91364 30130
59896  8133 84342 74788 71068
78934 44524 74339 57082 34941
52913 59591 53035 70610 36868
29594 43140 61397 68737 98339
60892 86892 88976 16729 26877
79322  1495 33161 64185 27111
34805 80406 60356 82698 54164
90051 48578 21867 80037 22681
98171 50393 94841 72487 13630
38451 66296 55788 45884 69668
  708  2400 56487 80664  3537
31588 17776 53812 43240 22010
97037 80395 59155 93528 87779
95457 63584 15130 37731 35128
24205 28141 46998 47361 56844
35970 96533 72489 51312  1402
97866  9864 95833 55616 42111
99360 29213  6675 82279 88151
14878 11924 73982 82804 93871
15975  8086 92860 24326 67114
17922 93394 17315 86495 40189
98959  5091 90300 61920 46577
63153 88494 43084 56106 88598
15867 75696 18158 77786 32277
21420 14279  2004 87413 49492
78490 75678 58416   564 56808
79871 21900  4517 66891 84752
40246 53343 62300 74957 26536
62499 51231 26227 39789 82476
53073 54236 99927 85763 13409
44916 36669 71353 45353  4524
16162 96313 76044 43759 30112
 2515 69116 75275 69755  7367
61855 81192 79167 62024 19673
22019 58781 86534 90358 95067
57206 22121 21713 57027 10115
40574 14168 23039 25393 99630
71986 56078 66146 27177 54905
66982 78436  6612  7510 86315
48458  3716 50045 98164 42231
77314 84877 88406 71816 33393
47347  3729   894  6074 93755
91415 52797 77214 87810 94044
90772 48010 11447  5101 35824
19992 74149  2734 97707 58387
26221 84686 90982 55624 39701
95811 99025 71157 34285 76500
20407  6388  2378 77140 20661
41766 23937 27501 33361 57302
64599 26438 91092  1593 62044
69968 35379 44156 77038 47298
53734 37211 38696 50113 15142
12655 47012 94135 80165 75221
61677 53130 13525 65112 96468
69844 20693 95681 47576 42694
38038  9022 34272 65345 57283
27196 65597 28277 67677 11743
62790 78997 30988 68423 62142
85958 46028 84060 87281 78219
97178 75253 91124 45918 18015
30735 80123 69321 59013  7431
80097 36841 88349  7166 95538
11394 60524 60210 34897 33561
53519 26729 25087 57400 40628
62941 86398 92774 19965 26778
10485 14900 38719 32963  5643
94101 50635 69668 66061 74610
37276 62052 63359 97752 83987
24133 27081 29671 80199 13401
26861 28560 46583 31420 70789
16176 92984 89752   321 25967
82887 67841 36219 85975 49663
21984  5082 31569 11613  8877
81746 80211 99785 90783 38253
73210 94581 66408 80919 53348
41678 28965 94304 29483  2069
67665 70472 35895 59399 10677
90881  8320 96864 60861 62500
 3865  8320 73135 54708 40999
83328 95074 14893 83598 61047
68419 71979 85790   272  1478
52871 23058 67957 31797 52885
47611 43266 60507  3869 88644
87896 72547 53489 72605 33328
27268 77609 80922 89722 56961
26521 76962 12843 97584 17817
90870 64797 82950 40602  6964
51055 94976 26080 87179 41504
35461 93079 90652  5908  3326
98691 53189 50332 99199 33377
88222 77987  2148 17476 17626
49285  8315 33773  9330 39235
87484 99720  1387 46348 36318
37569 60998 29473 22767 68734
13629 77172 15489 56420 75288
17561 52520  1785  2987 22735
 1116 40342 81531 43451 90751
37239 97594 92119 52814  4093
75830 35062 46707 83113    96
73973 47914 37904 92623 87109
15244 84520 56179  8648 13671
83238 32661   406 21372 54894
71841 66154 36876 71887  6209
34761 82181 80642 93732 77193
 5310 20364 60363 30169  5761
84317 99089 69189 60027  7001
36056 29158 56426 47019 81566
87032 86409 30185 41818 28708
25408 25745 20575 52505 62702
78057  5163 23187 54318 83067
70406 59737  5840 42611  4265
51777 60717 74483 71651 48161
33872 22552 89852 70382 61016
98888 60405 44927 51538 35578
71356 77316  3802 87910 35071
67395  3476 67909 33366 58429
36159  1754 10926 68130 55841
85861 52965 52577 60322 36072
44053 60174 92918  7489 17115
68016 85034 53578 13281 52194
36629 63248 87152 28906 47699
37077 34773 41296 44104 28674
32453 24236 39500 47008 38060
57612  1915 74621  3551  5470
21575 70966 21011 90351  1329
67733 46973 65253 89967 30454
35596 62527 88738 27665 37542
26675  3745 98629 97609 75390
70737 24944 69067 92635 68773
27242 60279  7199 14804 35900
37580 58006 66099 62995  3434
13226 33009 79483 64707 51262
12086 75048 56222 90918 19053
83665 87484  1223 92029 82635
52308  3175 78478 43489 70653
96988 16196 61692 12777 88803
97753 11810 82169 70412 47206
88607  8528 27012 41601 42032
11930 15614  3569 15055 39435
52773 27724 12314 92164 40520
74983 63460 82134 91428 40540
18658 99718 92454 94403 69954
74729 21602 52709 38693 23836
68805 69181 80894 99931  4437
 4578 94563 98909 18490 37052
98199 99338 13202 54103 86623
 3239  1919 44598 44702 10086
84708  9423 34250 52922 63378
10415 13469 31564 67365 88940
46453 19677 24765 87363 61680
64651 76555 99646 32916 17307
57902 78240 74508 67070 26737
60592  9676 13653 41776 61020
58787 63986 82889 58643 92962
16770 48749 59671 73966 15587
39471 88489 20692 63946 69880
74743 19361 16654 25076 56503
60220 15771 80799 53322 29346
61014  7637 49447 61953 75419
14516 20840 23596 51762 45141
36626 49840 38915 88038 37600
96452 86631 64417 13645 33343
36605 26773 10278  1194 67106
29161 70690 69370 66601 90881
41133 30008 45661 10517 70466
 5074 32984  7760 76769  1136
40271  2746 83604 80872 39543
88189 90614 75763 24455 52520
48363 24180 37794 79285 99132
50404 47830 95909 92966 86100
31879 95532 34558 44305 47496
90494   374 59001  3050 26872
 8594 61272 15448  5547 21553
 8374 40015 85587 17277 46643
36164 98523 54443 33980 28546
85087 74596 36707 89923 10788
26023  2351 35371  3285 30839
77556  2456 36485 14695 29679
66431 23630 64006 97850 48935
77102 71403  7929 83919 63861
88287 77506 51931 23246 77772
28739 45704 46526 28469 80618
 5158 21578 46178 57908 82306
46959 47768 71274 74801 38939
42369 66161 63026 97254 46203
32514 93647 66200 39398 12764
89673  9643 74093 51166 29099
90840 14134 54819 85902 41740
24582 50750 69268 15616 48222
30050 38403 36812 66527 21400
10031 65797 77893 17409 84442
17411 70227 35722 90048 17422
81112 17114 78887 50353 49454
75652 98915   289 59127 11528
11606 73832 97092 28002 93224
19009  3145 36521 55287 23275
87975 18283 80211 42690 48027
 1442 50495 40335 56810 48861
10571  6227  5483 18942 41356
82401 38683 87138 40659 57382
  114 60614 41637 84421 85514
46970 49179 64702 59830 35655
66160 62818 39753 82187 65991
80211 74169 35635 99739  7105
44074 88397 13290 83719 76063
44612 37188  1802 72798  6081
87594 79367 70328 36732 95045
64979 33404 37963 17366 92480
80072 39506 52081 79615 94610
90655 65369 95837 69186  6009
54072 83941 53987 25894 64804
 3899 57003  3626 45282 14101
27937 90894 31343 19065 53159
84700  1610 18019 28774 96120
72660 70201 17636 15779 88692
17071 69657 86202 13306  2015
48759 10229 59752 66854 74562
99285 38265 12485 73092  9151
10754 94375 77619 65582 55063
73866 19277 98731 32745 15824
62756 89654 84206 18337 21504
86270 51786 94915  3833 27825
28325 12743 82572 49439 37543
27983 62713 13171 51760 54292
99826 62922 94125  7493  3038
39010 26184  3180 58559 94131
78092  8045 79758 85145 46532
48265 94110   889 96601 91616
23879 41201 70568 90221 71237
36406  5211 23689 50233 48105
61509 75784 45913  6919  1988
16603 95794 97184 70845 99601
25503  7030 31582 31161 71252
54665  8447 71133 37115 17481
75985 52824 30135 21733 86145
51808 97558 98847  9310 87980
71966 33460 88055 58141 60846
79502 34186 12193 83836 24805
   36 15238 96867 17312 91552
65185 69654 67674 84977 99401
57436 51926 76247 99683 32933
27968 35139 97927 38625 14595
15220 59513  4110 39015 36004
51158 34815 35201 57262  1812
22594 68887   804 20367 84534
 3820 97766  8895 73367 38915
53559 62070 30449 69949 25776
  810 81783 46424 50419 82890
61550  9317 47292 29857 13991
 9474 48362 87219 84970 75262
 9665 84962 77729 84856 15535
19596 18111 94260 49060 23456
28309 53628 81090 12914  6003
51054 45544 70637 13969 99923
81345 46974 18836 58250 85788
91085 95215 62910  7964 43599
55178 86978 21010 75357 97376
 8341 77682 37896 25826  5981
68763 64161 54112 26831 19574
 2778  4307 91832 20682 38333
97104 67089 58040 36663 38459
37411 47065 40140 72194 59842
26888 12996 48624 82665 73295
98074 50410 56087 72276 80098
66859 77522 88479 70434 95451
83056 84172 19756 30629 59404
46424 31838 89315 11267 95470
61730 71284  6857 11806 37852
44043 35882 50621 76787 64701
67238 39602 22796 52780 73195
57554  9925  9499 25764 82720
38322 46683 92437 67118 17516
 5804 14107 80293 54765 27370
23108 73803 35606 84939 19005
71230 34075 91475 70807 93027
47122 42394 96652 43626 87131
71621  7450 11612 73824 46549
  656 72934 71420 26800 65709
74499 56244 33338 24859 50101
18166 18029 73170 77096 43983
93619 18612  4831 22825 39626
26572 39448   222 50633 13113
92246 29588 92592 37008 89552
48347  6467 52472 45131 55834
11172  2416 48366 83610 24481
65746 19914 61566 16410  9726
74433 70148 14762 56925 14511
19869 47027 79953  4871 34666
10966  4053 56730 46771 78647
11067  2594 23996 33247 46333
 7097 62768 49017  1457 43252
61910  6542 94237 37910 52517
94868 54320 20106  4870 42172
47072 29404 33840  7749  9673
39604 44923 98741 46274 29002
81755 86418 56950 34146  8506
74904 26304 78806 74968 36191
69268 20831 35292 68964 78690
82156  6105 83997  6558 41200
34791  2369 84643 11952 75985
13764  5623 19043 43391 61954
88768 48335 34172 40772 34557
52182 40232 23191 87943 31087
60490 79352  6066 21285 64592
81115  1885 75863  7070 45614
51573 94094 87199 50556  2224
15931 74755 81436 29517 94648
75815 87858 47874 91932 55914
82752 20914 96261 11031 34697
77386 62222  5329 16754 29140
21428 41852 76027 18341  3256
 2808 39717 87616 47057 37375
90462 44609 36797 22200 96891
15043 97586 79911 82779 15891
48287 49610 25904 48034 88797
65948 61012 62638  3236 11523
65623 84830 17323 71909 26009
68759 45728 17709 71378 40088
61355 56971 37699 52195 78887
32852  5460 85105 47883  5166
72653 19590 49623 70440 39371
28563 48303 55500 38277 50903
77313  6936 97876 56944  1787
 9743 99489 31151  6027   803
43713 14603 51671 56733 21465
 9065 41963 57543 50019 76161
17763 11106 22346 86972 60854
14498 97303 10677 65802 23347
59651 31761  1861 72999 39304
17914 22530 82893 14395 14024
21120  4997 86652 87063 92545
86487 68376 35925 55252  7150
58516 67385 81269  6610 39343
93849 80609  9820 47594  6328
49431  6350 53835 14183 23388
58447  4074 86111 17638 75018
74670  5978 97332 98974 43372
86505 38312 50213 91611 62052
 7803 84295 79621 95050  8986
81546  7331 66666  5594 97385
24843 75649 91384 45798 12726
73781 25056 94897 36472 30536
23510 91285 50425 65996 32514
61412 28671 48653 85823 56769
91317  3076 50206 48369 80489
79214 38888 29510 35180 70824
43413  1966 38615 37925 39599
34378 63673 48607 67326  4821
42798 91614 53927  4872 34522
 2937 18102 82284 14720 75558
56366 55855 32281 64660 72898
26585 53134  4550 56397 59259
17998 73204 77650 25591 86091
34851 98010 75120 60946 43913
76340 11299 82811 51791 82828
18761 14849 14965 84276 64051
56078 69731 49887 14972 51935
69095  7533 33668 47339 30076
38037 45332 41400 73719  8852
27076 18923 65492 41269 79549
66637 32953 25727 66385 95678
51291 49209  6871 67508 70241
89286 45396 78211 62902 89015
45295 85064 97993 57337 23692
28499  1631  5960  2136 50473
56905 44963  9601 45640  5258
66566 21443  1805 97277 69116
84511 58175 95263 91076 87453
50275 75113 25722 25256 57614
11168 18359 92912  8664 67317
38458 10436 33571 84678  6298
79640 25034   443 30094 88389
25243  4552   484 81460 96793
89821 56568 28474 61168  5395
68872 59161 36630 28763 54222
47571 81827 67910 24894 10784
30720 98342 73812 55735  5026
 5009 54407 96167  8250 14562
17724 64307 66160 63810 42258
17979 63153 57349 10980 70780
 2557 36622 59808 73620 96372
14411 17895 53852  3604 94671
46597 46323 50623 28980 79948
81721 61805 24931 79563 54337
 1522 12756 42797 41243 55039
29157 74341 29090 58657  2371
36520 31822  1962 45524  3757
23308 51585 85869 29000 38574
30247 57689  8940 31578 77116
60910 33479 89405 26641 40812
 7635 66078 55525 86390 33735
48669 43495 11031  2170 16487
38893 27530 84564 32790 22056
41514 25790  3766 67883 49986
81016 46513 15047  1262 50199
91047 96213  9135 68005 70354
51075 90448 18339 62415 20045
96402 10177 37379  2132 40849
90667  8375  1014 54957 55951
13364  9040 69978 29244 56525
70892 15627 41515 68075 71039
53840 65210 59646 53306 76328
98224  5713 19853 24807 54268
29996  7381 93217 47655  3485
90825  5703 26607 56915 33121
67620 73829 72909 96919 99680
11815  1949 88805 47523 38701
87735 41907 52577 11930 69372
 5422 19872 26291 56659 33052
54812  7439 71854 93603 53291
89703 81747 13352 93352 54058
38729 86926 37422 73111 87963
59156 39369 10976 92332 13624
60358 91151  3357 75861 44267
80087 17826 88043 34850 72111
85404 57880 36837 28719 25359
71962 76154 68835 93287  2973
45976 13554 71459 72469 14193
74035 77144 28370 57750 55948
23386 21947 95852 97521  5292
23957 61210 11268 16684 78637
44995 37211 64133 27373 44525
58376 86946 89063 55833 38396
83926 86134 12657 60907 67858
80240 22609 52099 62778 99952
58943 70789 85775  5141 83768
44137 55435 29846 45205 60152
26675  7275 45119 33935 96983
 8260 15364 77473 68755 99416
75459 63214 93088 39774 26833
54966  8341  3986 28498 47752
20381 43111 35790 40670 88127
46224 54795 40145 80396 27720
49635 87107 90815 86735 20753
43800 59364 18321 37379 84967
33345 31623 37248 34820 82679
12907 29031   886 90634 96265
86015 17660 75202 95634 43720
38876 35456 34692 33748  9950
81218 34274 36797 97060 78162
45727 67335 18682 44322 34802
87156 43999  9324 64938 62524
42797 27645 25516 52743 22891
18485 30313 11085  3106  8049
82792 51273 96327   673 61744
38901 96024 67419  5195 46087
47416 16690 85021 34636 95907
 5951 81103 39240 81368 67305
71718 90911 53366 98803  2327
87186 39389 69770 67192 44890
95924  5792 27767 82786 71141
26216 53555 84782 94304 32088
90400 50045 57026  5912 80876
45891 31918 54655 84626 15572
 9271 91495 84150  6540 76297
82801 81640 59638 37258 11790
  860 47487 84127 31855 95385
 5085 50460 76275  2156  9579
 6864 58079 14389 91351 84978
95570 22868 30211 28341 95256
25253 27665 71445 37951 75666
32465 71209 49875  2753 42252
43992 74222 24505  9913 84976
47479 66279 14925 10373 71098
10907 28536 56799 73915 51266
23672 29469 52391 77513 16911
 8123 53962 11151 25200 62739
34668 59206 73490 91405 72235
 5422 53175  2536 99077 12988
28457 67369 40804 49701 38418
95179  1060 88602  5013 62487
22835 23240 41448 23828 64971
96446 53008   972  9498 34192
92030 71569 92766  5456 58189
71001 83080 21371 51960 49381
44022 21216 31995 43018 72254
 8343 35942  4346 99835 52535
14701 59772 72846 87827  4570
59160 97616 19450 85107 37355
 1021 47566 81618 10822 13785
 1046 42055 89950 32893 58674
27284 83814  4865 22605 97867
95799 51721 97482 64919 68751
83435 10143 24317 66415  2694
40797 13096  4939 86160 14486
63116 23956 61085 31271 43065
60236 72697 63817 74280 86003
75837 33103  4063 96340 16225
76712 89314 48800 45737 81818
81659 55153 42727 56797 66164
60447 74808 80787 71519 93702
87835 69558 45724 47096 69759
22518 20433 94343 71925 49720
86030 24159 16613 28967 95235
14435 27105 87114 36771 32982
32529  3420 45059 60293 86896
62699 31359 11184 37903 31283
 7723 54772 15099 86212 53302
55671 55816  9916 37053 84872
55223  7824 28972 30453 10569
19774 79009 12943 34561 56625
20727 63770 76037 10415 43171
67069 87643 14310 55134  3724
14203 52424 90767  8447 67683
26764 68474  6604 63051 17351
52079 60581 91803 59019 92870
93398 48907 18984 90277 27067
39847 32281 85430 51816 76417
41267 90280 38062 18574 58371
58097 56773 48508 53206 71231
96571 64954 71231 27752 43454
91226 97809  5750 88536 67979
66501 61902 23255 99174 47254
43954 59551  9526 42770  9087
75099 93786  3241 62935 26558
79292 49324 61782 64202 91130
48465 58443 12057  2428 14009
 7077 94440 36270 44541 95445
82954 70326 42061 60069 51556
53642 66610 71864 48850 19013
70146 39204 49845 17681 75800
39765 60991 82859 68105 36178
48372 20126 17675 42129 20773
55441 33402 64325 50761 26354
34860 75932 96171 11806 23114
90533 44759 61281 74786 76953
85091 76068 80498  7698 24552
41975 58693 70214 89390 83267
27360 77299 83297 56969 24904
27119   928 38358 64067 88611
13260 77094 88684 61806 40978
39634  7288 77898 73308 94555
58173 10818 37009 28580 32197
24853 94880 70131 20736 44119
24322 44807  2955 21227 99221
70125 28984 84968  9839 32858
61073  3214 70640 61345 48279
37731 41485  2222 30741 43322
61565 17069  9313  1919 74813
19320 59893 88559  9913 46686
73701 97273  2749 54962 51225
67169 21851 23367 12335 34055
35020 46126 57453  4798  7584
62678 79822 84557 80922 45454
64507 30926 80069 50536 63247
14295 91373 84864 19793  3252
60372  6225 85315 41565 96923
41767 36448 82627 43547 24616
39935 11474 57307 98236 55221
70082 88214 70020 17349  8678
58197 89473 13308 42563 64772
61089 42909 71651 14985 60378
15933 38871 28962 50027  2221
80317 74043 90410 58625 60495
71846 34041 50188 86211 61614
71720 26234 75164 56173  5137
45804 90962 66424 73397 23341
23582 44861 81242 63006 14494
43829 58690 43132 31710 67452
55266 39358 24233 43409 98247
95700 75942 22891 48393 78514
31146  5156 17335 44437 58067
72564 52563 43049 81611 66703
77085 52113 27953 94594 68588
 9963 74828 66817 12350 65634
 2688 63355 14932 94178 96610
97987 46049 17503 72105 68252
28182   667 17524  8352 70209
11035 77792  1770 49759 31940
54304 90566 67790 60534 24049
83119 28100 46900 47842 15905
32857  3865 12971 71483 44748
20730 72095 49790 29161 90538
50967 28457 58924  7936 39898
14034 13747  4839 60883 48720
46971 53545 93182 56733 69122
49883 57004 39931  2397 47350
 6411 41474 97336 94948 56241
20168 54058 99734  7609 85787
71670 10017 64442 93993 80139
85503 26485 82778 21006 97518
16175   324 26772 10770 67256
84318 61525 39190 58656 28093
52179 34207 33430 97977 18425
16711 81330 88451 97990 85978
66198 46085 16048 53734 71142
45255 88010 85529 25859 69013
93780 92324 74885 36507 11020
41752 33532 84927 33857 66144
83137 77183  3036  4668  3676
74347 64093 41484 70659 60951
55118 19673 84875 50482 14180
69583 38477 21312 40603 86431
83871 37632 85910  2506 62253
26569 59574  6385 53840 56076
14062 55105 36043 78778 51783
68638 64829 37218 92111 16617
74069 72650 68783 14762 59034
60027 78668 43731  8188 82556
78150 93915 74364 11999 64672
18509 86861 94460 59003 15049
85935  1943 87540 22046 15454
30942 52785 82326 53791 99726
81531 10369 87970 68419 39729
88545 24284 86803 83638 33913
59881 86931 94093 93026 50126
37765 92431 85234 43400 14362
47238 20707 23039 41442 68553
37586 65090 72864 91811 54333
17062 85139 64368 75910 10155
57452 49834 87956 30461 89956
90777 35886 63196  8068 72408
19864 82278 78318 35196 47939
74359 83477 21685 71854 67810
45607 51334 22778 60153 49464
80505 74398 81204 31871 68461
33578 31737 62840 53001  2532
58613  7811 50983 56544 37045
68045 15570 52527 84540 49656
51915   901 24626 83058 39872
98161 25363 28318  2120 24097
54595  3157 96558 91439 24860
86169 14571 39550 94025 44080
66806 78130 88141 14178 73651
86696 20271 88715 72303 24912
36959 82440 88460 33918 94517
39643 41015   624  2917 22589
18831 50388 78361 91651 26197
49109 49674 73710 36739 68207
79951  9799 61928  3199 25622
45519 54852  2382 29933 35041
79888 42571  9125 74331 86411
55671 73502 29741 63012 76924
 7280 52039 97184 90652 46944
26557 86637 78401 48766 46677
 8316 15622 94366 21300 19148
91093 81525 44203 51651 16744
11088 65945 22332 28529 53466
85068 71127 39520 70719 67343
 6002 20968 15347 44306 43309
54178 76098 92774 45192 16908
38358 47480 75164 37033 87178
59748 44601  9394 86404 95017
50470 79075 60241 38344 75423
50916 95144 20900   182 84725
37740 76409 26692 29878 77076
49308 44751  3274 87620 62981
72645 56592 40503 87743 13659
88249  7938 26106 62153 15176
27088 33453 36513 49301 85552
17613 62307 28988 10681 47266
76473 93941 90780 33892 68315
18034 97263 26986 28868 24125
50257  5657 19811 50681 82639
94803 92973 43360 96158 84144
63996 75937 40960 64921 64005
 8879 57729 83917  3558  4755
 6420 75148 42320 30304 85923
45402 63637 62044 14888 49979
16533 47531 20630  6720 21778
84217 83695 85257 36147 52418
54762 54416 41690 13907 88208
97101 23658 42953 21688 35343
58752 77645 42783 94096 40713
 1035 94953  8922 95876 99308
 7672 43931 39700 40612 69928
86750   701 69112 41547 14034
65330 14246 67776 43397 59707
60981 64918 35439 70416 14978
76321 30891 87737 43671 38700
70575 47228 35740 53030 45564
93456 91132 88301 57349 30758
  734 84700 79840 75397  9297
52561 22455 99275 14287  5594
77221 47652 52561 99343 53682
50006 17273 82185 27880 34092
 5352 65011 77973 61199 72689
14757 32302 50203 99871  4813
44209 11274 85141 24969     4
25257  2336 69252 82870  3780
77972 19373 18621 79189 48599
98973 15512 32334  3494 95349
87552 55935 44326  5840 58388
41013 63913 96140 80831 37724
41262 43432 63327 95455 83947
28973 88369 12742 36220 76972
29773 60358 71391 19880 37472
21778   922 91804 68386 38599
69195 49593 94778 24352 98234
95985  5417 17124 54474 49673
65415 70661 31496 31839 59086
 5023 61706 25653 61994 82070
82714 15581 58455 87119 79771
20470 18932 35459 78198 67016
42392 20202 80946 52177 98424
95640 37608 94556 17164 36662
39503 48472 78611 95495 48080
62823  9785 48234 46655 43690
80292 64862 36256 42535 54507
13161 34814 54245 60966 80459
35429 36108 53233 31754 18496
55720  4670  1984 79014  1650
 3178 78450 80489 16689 30080
10283 13411 61969 16201 84072
21651 76983 71819 22608 68877
23539 93028 86550 66586 72339
46453 31179 79623 72025 99316
88952 96644 45271 55075 72117
89934 25793  5706 42956 68393
27131 21741 48847 51654 96458
99291 21572 91035 67739 61516
18725 49011 10950 41695 66386
77464 81862 84779 51819 58171
 4045 83435 43770  5044 63732
74701 44249 67342 57796 11081
41672 34116 84937 32448 78197
19988 86234 88260 77287 37498
46107 91971 33645 59451 86913
46909 97725 62969 31944 93889
14003 88494 64977 26835 51052
55328 20952 44016 30856 34174
94243 38611 96049 15858 30089
 1174 78930 68810 37390 88260
 2678 38777 38806  6696 37930
60305 32614 89275 20135 22180
85811 94091 35452 58030  7868
80288 23533 19939 46277 41367
19162 35865 99315 61921 41040
20382 59495 86148 72495 93861
79694 36186 54240 17195 54973
63755 17435 74383 61230 60213
58461 17085 76060 73086 41238
 3750 54664 70864 51961 71566
71794 29727  6795 11483  7530
41798 25267 20396 54292 81600
53903 43223 70086  9029 74753
79063 70828 50812 83257 46623
 9537 20440 64484 98455 98560
73234 96957 15083 33778 10893
 7179 55377 35489 25787 45712
14860  8960 29528  1451  9616
47643 27612 52311 84523 35371
42727 95850 45657  9983 72073
18792  9063  5346 25464  6460
90375 94596 48476 12584  3472
11273 50694 27874    46  2971
13206 38420 68115 99197 86483
48046  5839 84659 19855 46117
36983  7971   513 55349  1145
91981  8468 19261 88563 42029
30591 64723 57029 76564 54845
31001 11661 34030 11509 23496
55352 61203 48322 15055 31039
85932 85131 85449 85154 60402
92631 36996 83557 20708 42577
98793 81325  5475   493 57402
61827 26047 90727 25535 84289
76503  4449 82743 63594 45069
88118  6049 30402 25504 40310
13542 40586 16596 64654 61773
53778 78556 88917 32268 25814
50205 48564 46763 92491 58553
91297 94795 44017 45273 82494
59486 12904 66229 38854 72922
28253 16186 58187 28125 16045
63389 17036 69723 59695 25147
34452 95429  2380 85885 44319
 7815 52587 71803 77890 65974
86262 37929 89889 78092 47534
33096 46770 10584 61150 97298
55999 15784  3273 51208 63919
 8635 65817 76317 24282 54387
78707 56845 55809 80150 98280
16944 37928 39332 99553 90560
43314 47612 83291 26582 53788
78690 22171 94486 22198  2033
69710 49334 43711 76531 29095
48040 31795 67130 49476 69280
44669 98740 47699 84278 79967
48614 84882 92637 64065 83132
47601  6903 17169 29348 77174
28264 47281  5687  7029 55783
46423 13272 47644 82989  6438
42644 27580 87436 60660 86813
63210 90964 40250 88037 73244
94209 38596 81233 33835 24018
83494 20921 24008 67275 29948
37666 74879  4480 13563 41244
47645 95269 64976 99498 12309
70529 33378 12989 68932 39586
57401    33 67943 28446 99251
84440 81897  1910 26694 60589
90305   959 54659 39161 41609
10399 45837 57727 79112 60816
75789 43964 28390 71444 10907
85365  6335 30272 91636 81027
72411 26701 96596 98042 86267
84404 92039 33537 52701 18630
75609 27344 57227 76148 18366
41920 64363 28082 22086 85278
29854 69670 71757 59342 50640
14797 33665 91390 53071 96789
53641 16999 64792  3915  7919
33115 38961 81767 57925 72888
12470 39881 20448  9859 30113
40350  3383 79044  1849 65565
41960 39761  8044 74625 70320
25312 29407 59107 73203 55007
58772 54519 83876 38631 82453
33121 10815 49348 87030 76804
80850 20700  3798 88337 81153
19044 18796  4313 42278 24485
12922 93332 56811 36069 86091
89664 62751  7311 31751 38806
45802 66179 92492 87687 23100
84241 62468 39825 51612 74167
76028 23054 33760 91896 32161
38240 47333   267 38273 39203
22541 32061 16913 93908 10303
70597  6011 89544 80354 50747
44248 99757  4657 81983 57666
37962 48571 41021 17037 36380
26386 88139 79077 70955 92032
84363 75439 99074 83567 85880
 3845 75525 26319 48598  8799
97633 18274 90228 20340  6229
24894 33349 58679 74153 92568
 6126 64212 19807  4380 72847
 8860 97966  9504 13627  2920
67015 66781 43059 19821 47980
82510 23991 44475 74161 41470
78904 82921  4035 49695 85475
59600 97230 75518 70262 10321
76616 23266 23814  6159 90933
  240 92266 94723 93528 54750
80330 93410 22054 67465 71201
65176 63756 76619 55912  2312
64568 44382 41545 37608 25035
60948 82697 55459 57967 14372
31443 39348 44190  8693 93168
62175 62119 18580   236 69048
59700 42901 47899 46664  8099
95254 26989 71037 20137 16432
 7770 31618 43418 48691 20931
33559 98770 96886  8500 30324
15384 68951 94499 78489 16772
30356 39086 34326 97334 17339
99049 92636 68884 71876 84077
90585 61317 95602 61197 95363
74834 42693 43960 12394 68543
62139 81891 84114 71593 46276
 4078 66538  5469 98100  3693
53047 19660 23607  4243 94032
36905 13167 76654 93655 92550
41996 26905 45207 99070 82700
53256 79536 65047 47350 19262
15157 13354 46182 43645 43655
54241 93740 65110 97422 96060
18865 27001 93496 93129 63646
 4208 48373 65159 91256 12023
19153 15009 44113 60537 39249
92273 60420 12238 43686 29562
93461 13575 71770  5796 63434
16618 86459 57230 50087  4349
51447 94015 39537 29445 67727
57639 43786 25454 74591 19792
17534 10785 36390 76899 11943
18512 56627 46191 60980 17651
 5393 51366 40501 12617 31716
77826 44380 36374 37805 54396
43115  4695 64324 72344 53128
85129 70746 90195 82628 87920
 2800 88299 98730 13043 72643
35043 11681 55588 74510 63967
36543 42956 82779 33312 67735
36078 60189 51929 21928 86427
71339 94827 13700 39477 31107
76089 75582 53793 67478 23750
62851 59139 41168 31028 27289
62830 87484 77178 86490 56157
61467 29209 98200 28211 63201
60665 34783 19616 26183 46246
45221 13709 64139  6776 26668
65130 51263 97305 75070 92639
55996 73674 72981 12750 76792
18861 34259 21391   239 91627
12905 79434 98616 95445 18128
 7983 24965 37320 43429 43318
  458 47951 18074 62097 76356
74859 67677 25600 62688 79791
40455 68087 80715 32570 33828
85681 37571 28579 75156  9089
97174 86023 19400 73015 90282
23997 13193 81044 58906 70313
13440 80143 10921 43522 24509
15317 96118 42154 13032 24465
82265 12901 60774 41794 62490
19923 57415 62094  9378 27251
19115 37841 19826 28066 28326
82549 92911 62550 45470 49388
78019 88891 16941 52748 33222
45970 27348 36941 73376 77163
92096 87800 24695 58090 65549
57161 31947  6013 81517 74625
22155 90638 10177 92196 34393
82146 21507 73159 43703 43686
80505  1695   908 31951 53177
70105 41839 62681 33546 67178
59406 98405 91926 55395 12661
19871  1195 17962 63101 24661
 4095 78654 43650  7904 49293
58889 35246 72503 39527 38152
21276 39206 77355 64016 29303
 9409 47704 38305 75078 88474
83813 18837 81362 56195 63458
10615 63703 12872 61876  7486
37577 10224 43316 69025 56504
27482  4667 50588 67682 55574
94579 13732 11520 56371 45218
34716 30411  3753 11835 86772
 5240 50683 33849 98919 77729
12224 23327 52634 96596 15919
94134  5544 67764 53652 92063
10980 96729 61906  9364 43127
  298 32049 45826 99180 50019
68379   439 76984 96005 40787
70887 96235 92602 37897 61002
82569 72789 64390 49137 84206
73580 36626 64775  5772 22563
86469 73405 97066 81686 92781
69757 67824 65114 95432 56377
24538 24030 82686 96492 21851
97906  9971 15321 28413 40765
78195 30821 29798 95452 40989
62610 69200 42135 88740 72665
73730 41675 15424 82019 75941
90600 51075 85684  9000 96814
23899 90504  5034 32830 40489
38758 95605 49493 96998 66393
61809 57214 71876 83787 72166
84852 62505 41011 87591 55368
 8359 46403 49445 32731 61252
11049 32468 41070 81230  6791
62660 39852 84408 22783 59243
47710 81448 35052 64255 73352
 4314 67913 39734 66619 76064
81832 10227 34933 73556 12642
55572  7779 11635 25257 36301
68076 82891 71523 38282 19447
18881 68615 97630  3741 57444
65121 24916 10939 66647 84797
70010 96341 27515 12915 30533
  277 73598 88782 34880 74000
47218 92745 24253 14393 75513
61489 16464 70541 73958 36623
79157 29839 66792 89274  8875
28326 27275 90183 53576 73942
 9688 56082 83483 26248  2707
 7705 19209  9013 93923   299
35088  3348 97257 16243 79975
24454  3681 36373 13071 19426
27436 52961 84091  4509 87766
61050 46382 87901 37720 65841
 1406 73970 72205 90186 14709
 2591 68019  9069 57405 14193
 9263 95130 60399   463 39539
34226    63  7479 80122 73796
84415 30446 36844 58010 22385
33736 97031 65235 28444 76529
95827 75537  7850 89864 77139
  820 25537 38316 99585 44555
88535 77885 67945 30861 73168
  846 43605 43957 80502 31753
33045 21294 25452 92768 47955
15229 83029 27835 11283 61533
50396 96155 29331 58412 88791
 9028  6404 30912  7834 50164
19244 33072 96730 19455 44393
47270 35517 73139 26867 30872
26957 68264 43557 94452 95108
79605 74050 45863 86016 23504
51690  1866 10826 62658 57252
36017 71886  8798 12124 20152
72540  8757 70683 15724  5028
23858 98914 57077 19233 66458
16296 39047 39138 61804 10661
65105  9498 97950 39969 72895
 7626 73358 33295 71022 81784
52588 93553 79269 62049 56928
18037  1012  9482 79880 54058
88936 50747 75433 40833 41451
60168 62425  1290 75147 93393
54856 44316 20709 64886 41119
99939 68725 62571 95059 83496
96673 71267 68761  5259   736
82304 39905 23715 70981 62609
46521 98180 66787 88647 26630
36477 42279 61818 89399 52955
70512 71153 41871 42560  9495
73848   110  4739  2958 79008
47965 66727 53115 80565 52621
79108 45716 64007  6675 34425
84590 75921 77401 21642 94973
59687  3143 71758 90547 93294
43311 72584 38903 45836 51872
29963 17989 53812  7047 96341
50738 13207 53901 35956   836
28934  1641 84761 11008  6121
90762 99744 59656 66994 85005
87176 32032 87585 51937 73166
82831 78266 90983 45576 24581
62794 68723 48474 47264 68024
16572 45539 36780 98073 55970
71163 49100 33363 85516 61306
61172 74650 83194 52775 44568
81368 56258  4491 71290 49999
71442 35168 26728 60903 99146
 7470 27136 98077 76857 13304
53890 41819 11348 81580 28382
68719 71243 22786 10273 13271
46840 57659 86010 88179 62487
14495 65328 27779 74475 58993
42564 49932   989 93024 48486
42978 23083 97297 94400 24610
43968 93264 32329 28950 17036
20592 16447 15802 42238 75277
19526 22483 47328  8384 30730
73367 97518 63361 49335 40359
60797 27824 24043 86086  3863
76633  4049 88900 29437 61048
94312 93868 23089 34261 32676
91242 99976 54491 87304 37735
56556 86699 12004 57107 51476
43193 62955 11310 76575 25175
87725 52761  8777  6831 80565
50416 45474 61860 16386 91520
 2343 28503 99809 72077 70412
30387 36164 56271 51044 72988
57109 42363 46805 10690 22632
66924 35371 39171 90830  3215
18080 41202 70232 50952 29789
22958 90206 87236 18706 64063
36472 56080 26301 93336 23793
23617 54046  2419 94548 48273
12098 49250  4671 12252 67473
94540 45411 21169 89070 63662
62266 68944 97406 21968  2019
93448 32360 72214 17246 43583
86247 19874 59139  5079 29179
25874 15380 37259 45189 83868
16426 51401  1757 42373 86785
74287 22692 44777 36534 62934
42295 97721 58256 33017 38539
 1139 29251 33933 79912 15582
17714 52728 84576 62243 18497
49708 34009 60045 19852 38829
58995 97308 79247  6856 24728
82001 31842 74916 53198  7779
81777 86919 10372 75222 62864
95359 38361 56241 38643 56581
11580 95500 40967 93273 14468
50880 84145 36029 43695 16965
10647 58527 65786 46261 71038
85827  2553 16575 10226 10764
76701 75590 94162  1427 53583
57632 72002 24272  6905 41941
57736 60007  3562 71478 52874
 5773 91838 72860 26192 68666
82435 28193   985  6512 52670
84766    46 56752 72963 98267
11563 69713 66185 95051 83647
41522 48958 50550 65686 25974
56529 18253 74416  3156 31890
98038 33605 38110 77704 90654
96961 56458 71375 84188 39180
79405 53618 16202 76725 35019
92541 51840 35647  7006 57499
89489 66741  3139 20760 14978
98210 95651 45041 67878 80050
85942 23194  5303  6630 93051
59848 83089 12164 26841 54301
39304 94502 46926  2375 91479
64642 86892 19582 34655 59490
20249 18436   274 77129 25478
  951 33727 43207 62358 77423
99972 74394  1992 37197  8789
54531 14258 61311 42640  6787
78526 10217 17980 70082 26412
50140 93263 89810 14741 98862
29211 72879 64811 83174 34781
83736 23030 50727  9079 99696
71607 45647 80634  4599 98322
 7205 38148 81890 52480 29205
69811 89451 41582 38151 32612
25264 95367 18454 85481 48236
16975 36956 74618 81318 89794
26539 73418 12655 40611 20927
74985 91777 81567 62477 17817
  581 81652 55233 89299  8068
99737 15001 64807 50043 30519
16284 10633 91823 89204 42037
96084 80419 54902 95646 18444
48710  8674 35937 47274 48400
79228 58548  7032  9805 16930
  613 25792 61522 19072 50434
87574 49361 27978 60229 45578
78121 90538 72043 20804 15971
85008 17433 15749 64935 40171
18612 27662 23110 56753 71697
40137 55722 72160  4333 25133
12820  6084 70811 36390 61234
95583 58077 59821 75297 50644
 2869 35037 52280 62391 65646
99816 28262  6012 53614 90577
90549 73873 17342 27342 73940
55361 12665 58701 70603 86192
43484 85326 17674 78484 32855
99493 29120 59823 80638 61038
34119 52609 51587 23041 92117
22224 56095 24454 57021    35
88678 91959 44847 99127 81051
88501 89881 83266 86037 84047
86260 12267 32180 30963 36395
27048 86477   401 41548 43337
63602 96300 64011 49335 10376
68407 47333 19680 55596 88154
 7314 42730  2715 72751 40420
11045 24361 82308 46853  7609
81459 71769 44749 22951 91822
97536 35043 96026 12998 49812
27318 79146 83701 34122 16105
29589 40177 59808 65031 29193
 9183  2034 54377 96281 69560
  502 74481 10946 43887 13003
14129 21623 61433 13188 88802
31761 35730 60784 37181 10470
21075 86045 38858 58064 89833
 3327 48419 63976 94539 47283
27425 98528 95359 13978 48651
15125 77315 27901 66443 29123
15962 75827 36421 15547 38411
60438 70147 82966 22046 13263
46713 64539 24443 55563 17447
16322 98445 70395 84025 98887
68092 62661 28099 72687 61662
85365 56271 71288 36024 27792
40130 28852 85833  1895  9151
26081 15675 47159 50104 95017
84918 52885 67958 31024 54507
93932 29808 99524 43116 20841
88554  5775 55562 76977 98947
53308 48155  3455 18969  2044
21873 25825  9596 51382 34898
15254  3412 80983 61111 92279
83671 55572   586 51956  4021
97052 72409 18139 41359 83561
52974 75790 86307 63584 89782
62982 54945 76390 35044 28440
42952 78895 33426 64332 39202
66716 78515 36351 43042 91374
62638 15160 87143 53088 47783
34908 75164 84879 22306 10835
29300 10363 25561 55134 47569
 7262 83219 66411 18786  4160
85428 72277 93477  3511 25487
 2524 20403 19760 60753 37441
16752 82426 12624 18453 84769
44564 38560 10697 80237 29199
 4504 67315 74409 90000 11610
46435 12060 86519 99553 13833
32823 38993 97557 25521 90050
47711   187 62922 38977 34781
67355 16092 53480 91888 42561
82794 99837 21941 97981 25615
40491 95034 22057 35670 15291
70890 39673 93999 19293 31911
94529 79578 66978 50690 17633
97955 88024 18544 80670 39073
58863 17825 64290 14977 60428
13772 74716 44404 42993 33763
79438 78998  7690 70864 18287
90351  2336 52935  8991 15547
53203 62380 58395 53423 29217
85744  5894 51162 16021 45505
92522 23168 11913  3391  2618
28401 21465 11294 50599 20183
73761 44601 74281 69273 89577
 1682 75373 75478 53158 58419
77615 82599 71037 69136 72042
55073 62555 10552 83951 57346
94735 73544 90075 55396 46725
95233 15746 38472 93944 50482
91861 83133 95050 10150   933
67059 31840 95783  7984 32919
59618 17561 13000 94393 93763
82782 98895 60413 81581 13816
87227 56964 19134 91130 68641
81762 42411 68735 22358 69549
53637 48716 99882 85990 69480
41790 38999 11331 58759 31203
32773 26756 42301 65388 79654
86525 35448 96187 34834 97432
12686 25651 34941  3099 83120
68508 30402 50541 51275 19486
32036  1081 57978 22623 96441
35941 97967 87162 13995 91193
86456 32194 78639 52676 73685
80462 81514 26043 93177 74724
21864 57248 61575 17020 98870
96565 75014 53924 51382 78831
89732 55662 85393 20508 60471
18874 80684  4760 71210 23775
51272 38471 44870 71904 50038
53192 48258 39703 69487  7542
97750 34074 22033 51461  2563
34754 42688 72405 69186 99912
 1159 72356 76540 69135 76083
28210 61360 21023  1895 23069
15220 65231 66875 40092 28047
39381 20770 27101 39075 83414
68380 68102 27842 57198 63347
26203 61623 44733 88052 75535
71985 25856 58273 44381 32116
66408  5013 51941  5492 59170
98244 22142  7985 35609 33887
25999 19420 26321 66736 54233
 9432 96602 65179  4478 83970
12895 71894 54730 19955 37286
46616 21424 17091 28843 89762
95424 10553  4175 30457 50385
70967 32748 22884 62414 58720
72092 28099 64077 12163 72785
15351 35294 98753  1764 90257
55730 96892 56049 54276 23683
82027 93398 55264 94520 87384
96199 22978 17273  1557 54883
78809 78285 84765 41441 96050
68406  3419 63366 41545 54091
 3156 30446  6951 72771 55921
97849 78241 38965 68362 73312
21005 76497 84534 11530 20399
31858 61349 41250 44420 30685
95531 84902 61916 53262 95268
75723 43946  4160 72137  4674
56561 95266 42022 89949 43038
50559 85701 61350 51444 39127
38488 39800 30220 33608 48129
58044 71197 67338 22163 12424
84415  9452 47475 13600 80127
81658 91779 68829 34142 32838
65309 97011 82636 58752  5709
21794 90091 76150 26521 27071
52550 78576 18884 19331 68004
 9823 82693 49375 88312 94887
64458 93513 75719 10139 45501
31736 80406 34131 37015 57203
42378 19599 19998 36922 71101
 2626 58446 23355 32180 75870
26590 38814 55053 61225 57300
62663   526 38776 69918 67723
59034 12308 14982 53859 32103
59393 88212 20136 25467 24385
77581 15280 14820 38509   635
66225  6828 89399 31347 70280
90099 79953 12250 17522 15711
95419 40839 41181 88205 36754
98030 72649 62880 18577 94263
12549 41596 34598 55462 81866
31085 68910 95158 18247 84531
66975  4183 54501 83248  1055
60962 52874 58167   535 35809
19726 77542 13579 87526 62105
65994 31911 22718 96857 52440
12971 52037 85982 98911 40507
75635 53144 94516 95433 79406
 7581 67412  5259 86694 64069
73130 20915 50765 89663 48734
30775 57332 69657 70645 87636
63035 62754 49659  8849 96263
75532 36404 85526 70910 25404
27033 59206 59952 63623 75056
34235 59767 89225 89233 28199
11644 77658 96986 26728 50263
96317 64966 98096 98550 92023
43625 59401 92570 11071 39057
90256  8989 14224 81446 34308
63027 97909 21435 91134 23155
51685 35069 48242 96628 42154
36856 38256 24210 87239 86175
65378 40449 76358 32548 79570
49453 33263 32728 62691 71711
25688 36285 19991 86153 62362
13694 26628 27119 16302  7610
61176 13827 74322 48730 11301
91198 24788 98890 75705  7905
23989 22622 88914 79690 23841
33467 86489 86711 78168 43556
28659   935 70747 53509 96147
50641 13328 77123 37642 37208
26990 11768 64667 45629  2231
69864 99324 63787 23805  6896
85936 73277 52274 90019 23008
76792 62431 82613 38422 31351
88082 42613 85211 14158 59260
52141 11522 21336  9455 52740
55780 74314 94135 38589 52498
29695 93265 74421 77109 64329
60937 70230 81118 47675 52916
96589 86070 87669 72152 26855
88491 46398 29792 48658 85022
66322 17962 51262 27748 71886
28282 51954 48365 81565  3594
18939 64381 74655 94355 50056
 9318 27886 42682 46017 49437
91941 99583 66518  8824 50238
10445 78971 20776 56648 66272
12377 35807 29057  9842 87007
 6663 38126 15848 55694 49196
 3307 77038 97016 80439 62533
60517 76161 86168 24049 70578
18662 55972 11063 29646 86889
58798 99346 94374 37395 48314
40687 72496 65098 75763  8189
68697 59380 26147 58210 82789
33192 35436 38915 69887 89904
69863 53547 81251 60580 78584
59423 62543 38456 63005 79946
16993 30484 25465 25977 99164
11426 51069 17847 89951 46994
77403 12662 19683 44042 37654
56171 18331 88107  4439 36954
81415 36550 23904 15146 83514
53788 96531 40305 23412 63556
22537 23827 36340 23284 18730
79653 16079 43635 43837 96390
49260 50271 67005 39486 78467
79445 65258  8791 14046 46246
49742 49406 86927 12005 45903
30447 25126 35435 96634 38373
23604 99914  4145 48804 88854
87392 63582 19598 24590 79262
37208 98121 98108 72712 82511
67667 54252 89629 24408 80959
51599 15421 26848 82939 12548
15963   406 52922 26933 34041
 8074 30504 88041 79576 46720
72681 43249 94065 47701 19600
67499 65369 19509 66163 17687
61598 31693 18789 72067 13818
46158 50899  1659   250 30262
66161 49630 80265 87202 72010
62160 79047 49201 38083 12747
85649  8647 33241 30787 25507
34418 58963 16659 59236  5595
51628  1454  7107 55259 71192
67665 62135 53140 81644 54294
 9359 43247 58416 73883 28863
90321 97960 25970 66128 74637
70133 46918 37182  2008 28005
69897 50625 23468 74209 47464
18086 63281 98989 62361 57050
35173 98773 23398 54795    41
93769 94670 94524 48935 24756
46302 85012 94386 49567 98805
43628 21170 98590 79995 67437
11761 95986  9249 81835 30329
21122  7664 46275 81777   642
66450 52649 38699 96176 19783
68179 21528 71363 23306 15168
46953 96332 82515 91553 12112
74033 19515 23571 74537 52425
91556 69640 31163 95503 81246
38964 90515 10690 68073 80681
29445 94674 67513 26545 90674
85682 45022 29579 37146 20237
27255  7959 28798 90531 38419
73893 35468 69098 26161 17242
72717 27464 55571 63524 45147
95537  7040 71643 60683 85439
24814 71743 93311 65769 31901
92577 65271 85704 83404 45435
11692 25851 51725 76240 77070
21330 86244 32128 74243 10471
66618 21091 34637 38522 44576
68468 80312  1931 29560 42267
35820 98866 12217 39659 32581
14125 35702 47371 15198 68468
81463 77374 42884 37095 94652
83350 35972 74264 40458 53122
 8651 41595 26304 57159  8042
76814 36961 28487 27303 30839
29049 88718 26935 13592 53417
36853 40015 85340 65629 18048
10725 40053 21616 46555 22286
 8835 32220 61075 17362 95140
 2704 48449 37090 14939 18499
81991 53598  8301 70958 94623
 8380 48884 28071 28716 36039
73841 76627  4840 24242  5373
21225 31181 59387 61501 24402
67756 69938 18260 42347 11434
15408 40052 27623 63131  1617
17238 92524 52198 34924 80639
74820 30923 34821 46992 80737
26341 94001 93671 56094 41837
75958 51255 60636 76395 43850
29108 47002 98423 94061 88015
40734 98461 45478 37985 29153
81306 30954 98218 40345 19855
60379 77977 82857 24849 21513
88240 78408 36923 98899 95177
27509 36067 95932 19466 63251
65295 33249 20234  2292 17950
50303 60155 30876 43998 96388
23173 89921 51794 87354 22793
 1981 83530 74680 24034 28475
43460 66744 44551 85582 35862
62211  6916 74564 77277 55600
24084 94738 22819 86600 19081
53828 89629 50009 14700 48009
15999 62057  1569 61204 52915
44170 52317 42834 78551  4837
15732 56021 65800 15935 44967
28314 99272 39519 31729 20526
43903 37497 16837 53350 22150
28103 41173 38838 56333 40859
76217  7147 19141 83372 53441
83034 77079 30311 13474 69420
58252 59164  3729 15312 85374
70743 71133 68290 64602 98543
23686 24890  8165 70043 49558
77705 99487 17543 17635 79436
52700  1934 14907 76541 47087
53290 70430 53575 15308 80011
19811  1266  1020 46576 59830
81023 40062 73729 87495 67857
40067 68181    78 40773 78521
81938  5197 95085 87850 58719
61162 10866 91808 42034 71995
54622 50300 70343  6224 28973
68130 20266 21221 11718 14191
94443   457  3215 82517 57695
63423  4076 46283 11425 42153
 1091 96549  2043 10235 17195
63371 35756 24901 70463 13107
96932 62225 27055 38710 98249
14085 50772 79010 58311 10590
62626 21979 10137 11440 48533
92044 28128 40286 62971 59048
69499  5392 78040 56135  5748
13359 51534  3782 27238 90178
72451 15371 73898 59484 49538
91591 19337 95284 31013 76161
28798 53442 88926 64456  3699
21044 85196 92034 38450 16271
82590 29715 58372 52259 72386
37873 78701 24388 41211 12217
89967  7975 47820 58916 64167
54344 15652 13737 84665 75876
85326 46495 67818 20950 72089
20866 35197 71768 58438 35072
40771 92676 88247 54986 66948
93071 84228 18641 14222 97831
63872 79725 17941 76888 29013
58759  9063 50407 94607 68796
73597 46217 89786 99171 78523
24201  1411 34717 35694 94505
26450 10530 58237 16863 35064
93645 29011 28318 43382 12128
20777 21638 42270 40829 22667
27347 68800 92084 96501 68138
41451 74493 23253 84401 44078
81203 75160 28102  2113 73055
39733 14326 43181 55746 78000
58981 77332 73854  2433 14852
58001 17189 53389 75924  1671
  488 23165 92778 63873 71662
36059  6025 23971  3087 18992
48000 42438 50926 74394 15500
85897 29497 67374  5847 61143
50077 99443 52220 75427 62909
11252 78013 80411 71908 29561
76182  1739 81815 49720 96139
15564 56312 69454 21502 95858
93168 26422 30503 40237 60802
33658 27259 18872   380 52822
54107 56034 57162 40416 71314
79345 84320 67171 38340 81476
33717 71445 95738 20699 31273
42619 16672 55575  2669 63157
15787 27334 83450 14474 13359
29431 36259 46868 92354 82241
79953 71078  1797 68250 30264
96930 95255 77149 67143   484
69160 42566 97871 43881 55023
62641 63960 77289 87645 73716
70772 66193 91873  4513 95560
50348 39414 74818 94956 35809
56039  7695 14854 61992 30972
72524 26993 47196 24199  8316
62815 24321  4169 88195 21255
45524 63350 47974 82596 26233
36374 42607 36268 18552 14652
35439 27219 14469 99240 32396
38041 72736  1834 76188 89128
21791 79803 31126 79389 75411
12388 40793  1671 39122 50729
26718 36922 65653 92332  7712
72556 33298 90535 14253 86222
57237 98826 37219 41415 88523
41900 41125 70067 99326 32976
75791 15169 55726 83634 90527
 4136 66302 54211 91639  5926
75898 18598 84104 29493 64648
14299 34655 71090 44563 96599
56306 97581 92285 80227 33683
96355 69916 76711 60079 24010
22440 34853 31831 68826 20182
40916 55691 43434 63617 64402
46211 97343  9839 18617 61661
77821 21114  6516 44750 94334
27610 89708 25054 98229 40508
63071  4927 99646 54352 27150
64061 56899 16325 49885 27259
17235 82271 11013 85247 18803
96739 41174 88670 49676 13568
71598 74545 98969 83210 48236
96136 30818 26066 79380 56428
14860 58612 60792 98945 57584
47663 29221 16960   626 95679
 3289 87404 99368 30354 44330
73329 30991 35035 67265 15983
58946  2599 83394 29975 45394
38763 18523 30306 80027 17757
30494 13104 84218 15286 76244
50912 15946 15543 58186 91314
22803    57 97316 62967 62545
31974 28327  2953 95111 20209
95309 56197 40861 56350 17574
23808 34420 16313 23509 29455
54552  4934 11776 42147 32363
82882 26331 66933 92089 95396
81444 25734 77904 34807 34570
86957 88584  9237 36460  3424
33855 79574 23064 67604 55536
47762 62715 21288 34130 15145
46720 37863 56513 72445 79616
68490 90759 61075 80089 58202
58617 31708    41 75056 37940
92976 99700 37303 72848 72364
87746 38053 49180 34829 88481
92014 67775 65037 40440 50713
36248  4971  4031 56806 32771
80545 47995 53062 77364 50625
29424 31021  5662 39492 38612
13297 30188 81927 44575 54497
73804 55831 30539 57062 59182
15018 97360  3101 15832 37814
47043 77875 12110  3798 61358
60608 42861 95974 98609 10244
60672 48995 15386 33477 79804
51325 81762 95048 60040 80295
89498 90249 10774 18938 80252
45711 16062 58230 25029 57093
 1820 62496 75124  7403 42906
80550 25844 16933 46812 72614
53195 68210  5454 38103 15065
42206 82482 68528 49811 11063
71131 40800 41224 21031 42679
86063 44144 87864 34333 36856
52932 31620 93004 71458 70992
24289  6221  3631  2224 56736
54599 16418 61838 98440 34838
 7684  2973 40322 10795   676
39975 87648 65133 33381 14058
57192  4767 35486 59044 99002
88387   922 94614 25896 32830
51542 57476 15536 79992 94654
29400 99514 61153 13745 45087
82759 38771 60843 94172 62556
14674 38409 45714 92832 90183
14551 50741 15250 74257 83375
12263  3657 75984 17596 15551
70612 15042 88743 18719  9763
22112 63721 81640 19945 91949
96947  7218 62796 79768 10677
41392 72674 47598 39293 72125
77544 72094 15038 88611 80267
29861 79800 98710 58094 34926
 9321 20390 48026 78150 85669
35645 55590 64006 81220 50059
64304 28420 17378   107 71660
24875 63183  9475 76159 16860
73517 70091 56830 43360 26378
  913 53372 63073 75883  8019
38039 14181 72103 35511 50187
67365 71518 88584 89716 98117
65912 74024 29905 34179 43856
66699 54011 13278 64242 90335
61423 32336 41116 93485 49538
15470  9591 15138 80187 29736
68897 10160 40663 56395 77958
31526 90525 83566 98813 28424
19720 71602 11313 41129 32239
45630 40724  7846 22543 85689
40465 48019  5431 96828 19439
26003 87146 70988 90406 37643
15086 53990 82536  5596 74357
68018 17188  5074 84038 15188
48157 33760 36455 75931 88593
42089 27593 87343 58104 25233
67968 55730 42982  4102  5222
12182 80162 38462 34300 11728
52250   729 40282 63196 55308
21298 18750 36710 93387 67192
25545 25028 70122 77101 81801
26542 40189 53008 80924 55676
32229 46265 52561 75263 11026
19863  4522 31160 70261 50453
57931  8587 77704  6431 41363
95483   498 18866 30339 78407
 4580 86116  8221 64666 63469
45029  6319 67421 51904 76581
94995 95026 37793 53424 74758
34187 63394  1526 57892 74359
72033 88756  6770 27873   823
69319 39644 87767  5623 30811
23950 40657 69745 85990 20740
16523 59150   326 45088 22043
27646 23202 55073 67562 50745
25226 48416 34257 15666 61395
18202 10127 65131  5212 41957
12826 54881  4753 65102 38299
82580 98526  1692 30290 17869
 1332 99025  8921 47061 74856
 2022 67557 80124 90210 79942
66583 24406 86760 58801 46419
21827 62781 94805 89696 20523
22209 28216 76753 29813 67682
60296 54967 44649 98684 61428
52945 42320 77753 71014  5110
88865 42149 95634 29187 47987
54044 67664 95100 84117 85642
74198 38918 17763 92172 19646
73579 14777 18274 55637 61986
48334 67780 99717 50629 72817
13735 31377 50218 46360 97891
43213 99748 80516 62735 62432
96300 82862 24983 63128 39183
54446 20390 60672 73837 43785
46712 35671 75392 32391 68135
76753 43194  2837 93683 14878
50883 44111 23892 86037 61749
96260 46667 42260 26963 19350
10332 79328 48121 74481 99040
44919 89114 83701 10719 55528
 7837 95694 32487 32937 28493
76278 68596 17913 67889  9269
70603 13646 96698 33470 39550
78094 66788   731 83019  6931
32251 85014 67816 51684 67421
86784 26496 79878  6555 24835
34463 48304 91896 89163 97228
37263 28136 35006 22259 67198
43558 62139  1034 61216 50228
61158 80193  3093 33865 72158
57092 95284 62994 86017 59204
66059 64799 11150 39158 80641
86352 15885  3562 71912 84212
44313 11399 91433 48291 53643
87223 71720 86997 30351 98718
55962 80604 21255  4823 75135
64006 93564  2333 92243 88250
81257 43317  5904 53181 35203
68881 44640 41250 58886 76654
53795 90534 32394 27713 37824
13621 36570 54447 42446  2749
17284 34773 78881 17866 93207
76131 88707 10346 39935 76984
12545 68792 96001 26959 59839
27581 27121 99599 65474 39223
95018 65031 68886 16123 64490
48197 18526 13920 11437 15565
34842 76638 13981 68366 11603
60796 54112 76997  8012 29728
59194 39839 85284 31325 53149
31873 97708 19657 91080 25935
63821 68375 82524 74788 39328
31008  8494  6897  5796 85817
90091 46430 69561 24743  3563
68184 41543 91031 20265 68914
70809 40721 88245 17590  2061
 8857  6046 67446 34976 81438
50638 44001 37166 51895 48037
95533 73095 12361 26817 11573
95003 21526 31403 57071 11326
14544 80887 45227 76402 21238
20827 12746 42257 25464 66977
43377 55608 25939  5280 48960
44585 56280 93467 67030 54201
70359 51147 79324 38712 91084
38676 92988 77773  5935 92283
51845 22299  1658   656 68751
62591 98227 93520 50610 55892
36390 87735 48482 46421 52421
57684 98130 87351 66460 37910
56929 56763 43008 45612 70657
58404 52545 86394 52897 86128
10334 10008 57850 98456 18545
75984 73320 18197 98507 25830
59687 36410 59838 86797 81721
68569 59376  8686 10973  8036
24226 65906 61561 43709 99475
 6961 66701 79283 39953 48487
78275 99217 89321 87419 39960
59481 44337  4096 85577 93949
87117 33879 38240 30999 23052
87115 75765 46343 52587 46324
97910 26923  9105 14482    85
65123 97563 99982 61948 90069
72102 63750 69089  9543 12359
78857 64797 41233 88167 85870
54043 32280 80845 15468 38266
22235  3896 18688 41908 46425
17947 81979  4965 57721 85135
39202 90384 37932 15683 76090
42239 68243 55894 89653 13687
26018 90143 42367 56324 59915
89334 39041 92585 22881 58083
80668 76968   291 60304 35527
92449  1902 42851  3190 90936
37828   620 77526 97872 20171
33212   269 48049 42808 10055
99496 73497 34417 67083 76796
62565 15549 62853 31435 51815
29693 34244 22943 18224 57261
67381 86818 75624 23372 80872
29654 95391 43834 75141 22837
89620 89944  5494 24553 50123
50080 31435 34028  4850 46707
18690  5429 22009 51148 72758
41623 68538 50625 77360 62928
24375 17076 78967 15013 76194
71315 80251 74293 51887 22447
82930 80059 40225 59287 84949
79971  7737 95931  5066 45237
 8408  2768 71527 44304 65294
44982 92636 56916  3643 60334
18036 83453 96184 15742 73415
49935 32447 55512 31625 87847
77530 53984 68742 33925 34067
93422  4165 45861 54194 86777
22266 24906 40517 10256 88531
57583 32790 34644 32565  8062
43296 22453  6291 17329 25731
98840 60148 24175 84514 56342
44172 87257 95862 24723 69707
81866 25478 86871 71794  1101
30220 76877  5378 31997 29129
48148 65200 64809 62251 16416
31241 75713  5990 34542 67585
51151 28111 49186 74181  2524
14851 14997 44180 46225 88019
 4080 64490 76666 41852 88612
67856 93399 44955 85493 27351
11911 95525 39802 16449  4955
67874 63643  2497  1575 98433
24303 15035 17391 56045 42408
44629  1951  6699 44988 68687
75151 26118 95501 27749 96874
38237 86091 71224 46640 35448
37857 79573 31804 91237 52047
77115 20499 87145 45328 91235
41593 46329 20157 68699 60649
39882 85123 97185 63423 15887
67970 95738 55923 69321 90100
66071 75426 86728 39608 60766
79433 83070 17955 86900 61503
16495  9997 58244  9441 47375
87283 81829 68920 60317  2058
83329 41590 92690 43460  3932
72014 40182 33290 33860 36841
26259 28665 64840 74586 63566
25107 98144 62050 33104 48497
76636  4982 40200 12539 67599
33525 89971 75185 98807 36762
71329 81019 22320 96029 43433
  972 10983 32025 49586 95454
98805  7848 11231 64238 94272
21305 77652 73728 81438 43912
31689 83153 76869 72163 51170
75351 41901 35591 36557 77297
 3368 20012 12939 93440 73096
 4460 44502 55905 67828 54608
17768  6833 19238 35179 86596
62204 80722 24538 28162 43707
11728 80324 31810 47507   893
17177 30462  1024 60188 93100
90197 22635  1024 72430  5397
34111 68865 37513 12107 43429
77122 96402 40039 84504 24944
99491 53675 12035 79943 53789
89944   936 22969 12503 12447
69000 72062 42220 34751 26055
83012 82197 21878 47145 79961
46052 61345 95291 72476  1031
50538 68857  9589 36282 88859
33618 70057 43594 49041 11914
16350 67303 71656 80770 94737
21151 19141 35045 13272 95667
58602 31787 59547 95869 92388
32264 94927 74799  7891 91206
25167 95243 80408 44748 24400
77064 47629 12128 66783 28899
16164 55223 66968 26520  1065
14060 35366 75808 79662 54956
26052 25586 39928 95947  9214
63369 98066 22467 17689 97734
38810 32874 77436 78936 98063
37665 95954 61367 46090 69636
90606 16271 70990 90435 99835
 8880 67690 49370 33779 87706
96701  1463 67628 78202 31274
37168 86534 94938 21007 38435
17040 44764 76621 33804 96787
81419 48697 35259 42717 92333
98692 84795  1475 42389 69934
14588 22044  1304 57417 68926
44056 70930  9909 14952 23232
71507 59502 20738 23952 78374
97155 78889 59859 38387 57318
15014 86663 19380 25144 64082
92593 89772 39113 70551  3260
81605 40391 19697 33110 11374
50381 82757 26511 69685 80390
83914  4080 25345 58303 94334
84510 63267 70708 75061 77435
74441 31479 47507 38084 23519
51137 91169 97332 45799 97626
49536 67736 69531 73695 96350
20315 89580 81828 43736  4683
23044 17958 99602 22124 58291
43034 64203 75853 52095 61575
62813 59196  4129 99536   921
56573  2637 23367 96520 96128
79927 20397 74052 10823 95764
36660 74709  7278  1960  7004
78110 66647 38757 38769 92684
57934 33736 83167 94906 64579
30850 67622 68857 65742 10414
 7860  3556  4078 41429 78916
25736 98321 58506 49274 41285
84788 19854 69969 80410 15721
87239 32115  5985 86486 67869
25631  6284 68530 50646  7227
53260 13907 11536  3042 48246
67966 39831 27461  7269   232
11920 17182 13284  5528 82736
 2587 24158 74725 83839  8865
72062 13315 26023 56989 84173
62846 37436 12602 86730 80472
29581 44220 80023 56657 52211
83545 49272 95497 12400 79909
70801 65112 83597 48914 15119
53380 51805 52432 24458 87870
65768 76970 63023  5789 86289
43291 71721 85681 41520 70258
50792 39985 32328 76490 69804
54378 35636 99722  2623 35976
45447  4753 11974 60351 76505
77325 93987 81075 52163   213
96872 36523 66096 37106 78822
88141 28608 13069 91873 73380
91060 59889 93037 33068 11506
98179 63704  5857 18042 92944
78790 91538   350 74176  4518
94304 66340 29291 63975 18899
88507 77054 93088 38276 70898
99236 97370 91760 79743 29681
91913 56662 65583 15172 76513
  374  5641 76397  1097 33678
41106 38109 92882 19350 68745
27836 75318  3486 29973 76952
56537 53018 74559 70564 17726
37058 70878  8704 63736 10811
60919 80612 99691 66106 82752
12174 51554 85731 15324 40267
 7715 66834 22210 73351 68391
27089 34316 88587 86019 86845
42558 32327 51740 79500 23135
74774 49915 93585 10613 10012
75018 19314 71221   617 76994
91861 56719 56000 68172 72308
95317 11317 80201  6633 78145
99478 89617 58383 84034 30570
 3064 34902 75007 43799  3788
38331 62673  4763 63714 75565
70628 52124 87193 75006 13279
72479 79885 59401 43145 30395
 4506 47729 85385 99043 55793
44672 23129 47889 96549 37620
18046 35818 25702 46490 79900
96509 60753 79855  6170 54321
28258 61894 40944 27888 17725
 7466 33066 47975 36773 54210
78551 76516 34065 58384 49178
49845 26991 51564 95896 33673
89970 24650 26129 63182 68998
43191 45630 38424 95145 51087
78245 68906 43456 90926 73796
55662 40129 67022 94943 14853
 7398  4711 28940 68925 78101
62404  7995 89875 93038 38173
75147 10529 31178  3805  5570
29266 64713 97264 62666  4175
31541 20267  8883 31273 73361
36381 69208 27052 86742 79325
68368 12372 99959 84259 26396
38330 76302 34828 84881  7207
10795 23536 99073 58207 93311
33655 47751 96154 19567 37208
57183 13285 97666 27988 44699
21289 78695 47117 60985 90437
75978 96435  6532  3366 98157
55851 89151 32434 44095 95551
16967 84999 67294 16257 62068
62134 36605 33275 91884 18553
55767 16064 97436 20977 59146
 4721 83152 11491 57615 77558
 1364 87922 82053 46305 92019
 7481 67207 20995 70797 53957
44791 16950 17356 48861 14538
52466 37142 96656   254 60027
11551 57815 65078 50299   679
21217  9564 30132 50297 93277
19080 10175 87771 85302 19267
82557 14588 59664 21266 94715
51661 39728 65550 22725 83107
39420 89013 38310 58242 60753
 1252  4738 27470 87967 88842
25336 56678 80324 97153 96709
61893 72487 62699  1585 71524
95120 46948 97962 81370 50856
35950 50333 99195 61446 76157
 3772 54751 17379  4937 92397
43974 54805 95821 79715 77833
85182 90003 31090 26805 66357
 7073 15285 98057 53237 14747
41685 34073 38293 32987 75427
95848 94207  6803 93506 64801
23958 45190 84791 43358 53803
53699 32104 71144 36237 76573
12353  5853 54937  9284  6170
36708 97882 15806 74080 12841
65717  6637  6988   876 52724
84254 25330 14225 17531 40214
37644 70604 77826 19068 38350
90436 66020 65592 24703 33436
95464 95620 16928 48788 15194
90145 79072 35609  1791 21358
71622  9594 30014 94705 83253
39841 18568 96670 97387 35997
37237 91294 68656 76653 43671
90462 68758 72281 49219 47096
57160  5315 70395 10658  4502
 8859 33690 76231 23728 56631
49976 78855 49506  6316 48836
32832 33602 99289 21654 85484
26132 12244 51455 27279 42768
33887 21457 61500 91344  5350
33266 14685 98253 45354  7073
93658 53167 46867 89765 64855
42262 72676 44217  8193 74897
 4589 78812 61518 48893 61245
20469 83048 68379 48242 83532
 2797 77465 14512 57691 25303
36635 60831 13365 94400 22958
21788 66688 73448   921 40845
95460 87031 70543 54074  3490
61968  1722 66808 15792 84378
 4112 58970 95223 52405 54375
42251 98228 94420 75523 88773
20429 30510 36200 21689 10674
78425 64067 38249 49385 38067
35582 69007 43901 29852 24032
74839  9356 74549 97142 61876
34686 50050 26520 53304 39758
14689 36572 58626 87047 17827
87961 44995 39245 83295  5153
33932 45488 35869 71391 41740
85549  9837 52836 21480 38174
46739 74901 72492 94812 88577
85403 75721 89778 77026 40464
76816 93259 72004 34452 13401
52613 44420 96966 46870  1013
71098 20815  6064 56345 98950
44248 45683 25907 41815 20394
36094  3735 31031 57974 79906
47503 49657 95133 79781 31498
14578 80245 10424 32951  3569
86769 16642 16151 43420 18047
12986 12625 61960 71238 52240
10324 45731 36621 51251 93289
79743 14136 40622 97525 12185
67280 62790 40211 42197 95217
64505 42088 22468 40979 75395
18554 44509 80583 11957 16446
72940 74087 97708  9066 71514
75931 66984 29584 40021 76388
88340 87263  3135 52969 12127
37873 49714 71392 61917 18699
 9620 44212 77363  4813  3840
35638  9202  1801 34004 60140
90691 24360 88578  5433 57289
72472 69828 79754 80482 92908
19440 96007 23878 78892   535
20112 40913 60931 38781 13076
18197 55479 80639 10802 47557
58160 69356 27142 88247 70223
29539 21047 14535 93706 93210
24924 21400 71801 89006 79138
32435 77795 35218 52838 75212
70513 18569 44619 87154 33932
81714 69106 73854 66092 48806
61064 17616 54711 84143   904
32194 80724 49491 20378 45424
52539 42736 25439 23507 87344
22440 76508  8099 63356 18346
37863 70036 67668 96459 28460
16366 69249 22025 78085 76245
41358 82352 81327 97306 92415
35986 27852 91154 51427 22448
85857 33367 83093 17879 32644
 1254 16046 97046 52689 85456
59346 99890 85467 74620 22159
21676 52037  9933 62555 50758
49738 91454 79990 96965 95566
94557 71633 63944  2997 40150
71815 13019 90270 16212 15808
22529 77434 37973 22070 11417
60569 77577 73097 38929  1390
79689 27716 31209 14510 47795
39717 20100 44703 55844 67388
90025 33438 14066 91154 65530
69914 11667 64868 68857 85710
55876 24697  9213 28050 76161
22640 54766 79882 93443 71612
24413 67287 58063 99458 28495
38445 29353 61606 45393 39091
29235 25019 61511 44442 58177
73398 25950  1022 14845  8052
13697 60044 45732  2306 86568
90991 26520  4530 18719 28316
26970 76138 69575 91794 58647
52499 88387 55798 95814 20017
21031 76524 92182 26264 45942
69435 27396   759 78930 42027
55224 71658 61393 53096 39037
28293 31934 44860  6004 38139
59555 20885 93528 78467 26812
11951 61996 39336 49447 65953
93601 51047  9349 51065 31194
55982 30656 34191   444 28254
10742 24559 18536 94790 56601
58257 16940 36337 41526  8130
75666 64429  1826 39662 70678
43249 59440 69664 31062  6935
 4790 88899 42501 73257 77006
94696 91403 25106  3809 50240
75959 19965 94759 25570 21353
13295  3386 69182 27503 33957
42284 43847 22973 61452 81833
58183 41072 82482 48618 34372
 5928 53104 19045  7141   427
54488 72316 72359 60039 38386
48046 45892 21254  2898 54069
32507 91044 91129 23778 30725
88640 95344 64312  3041 90087
82182 78097 59385 75656 64696
63440  4849 69230  6593 79800
79614 79710 54728 22421 37988
36496 68446 45929 84458 22180
59297 11188  9807 38372  3348
 3040 68790 75415 66781 44379
84048 30482  2085 47005  1749
51461 80480 69254 14897 77759
60047 63489 23135  1985 33428
79368 18511 35258 63048 91339
52849 66062 11073 33726 17386
17846 36971 86752 80236 29998
51909 89870 63710 68814 32408
67446 42738 15378 24443  1719
63431 48620 30289 55821 81745
82802 54656 19726 45128 65022
12979 47995  9604 86816 55284
78388 88982 24270 76390 37347
17836 94933 64290 20353 68225
49303 80908 74639 10789 76298
29305 25095 41594 98740 45268
24091 74922 86743 61498 25485
95430 32603 49387 74629 39047
99985 67789 72731  4345 76476
26253 54191 58713 41036 14885
78404 58006 70438 37223 51582
60343 48773 50720 54696 63813
84581 77033 41159 14823 26781
49841 49252 14761 17279 80823
44827 37905 32970 29479 73529
38020 21093 11927 71083 44922
72220 39505 31305  8939 56134
54342 93093 16785 80706 84615
73759 90653 96255 68631 19788
 1478 62496 60802  1250 63830
 1505 20117 86364 20371 19440
61743 45842 78321 30969 83678
17317 99242 76106 31777 57235
61434 29048 16793 39821 52088
 2758 42876 52683  8078 54937
84843 97442 61884 23159 75402
12394 87219 99095 49872 60399
89915 25487 20248 24090 67984
 7787 96917 79447 41229 23308
67270 71415  9103 97225 61633
63921 95392 56340 93352 91894
28847 32761 48789 58754 62014
32014 67644 69741 30270 84303
24291 92784 26069  8224 84560
28141 72564 37492 64262 76969
55764  5791 83066 97159 57064
78623 33269 21053 84859 56113
85329 36717 71009  7974 33877
66066 65415 51872 39971 77347
 7595 25556 22366  6844 54455
56612 41181 60145 43208 84849
56199 82703 51409 69579 30993
21122 66186  6249  9162 37299
37246 93998 20145 97389 42678
 1991 99548 74489 76417 28129
27671  6501 56983 86181  5101
70966 84289 49271 62341 60831
44411 34369  3229  1060 65367
74969 74978 93629 24465 49022
88825 65385 40585 94875 42512
60226 69879 10471 27241 61447
26343 31281 69480 10388 15807
46903 25294 10975 84504 47937
61559  4268 75736 50319 37406
83366 65371 62608  1350 33255
34603 11682 59654  1746 84680
45521 28883 85788 24608 48117
72930 22677  9151 47246 97737
11198 55485 89085 20655 13541
67677 66435 30765 32513 51198
64185 23036  2220  6535 13601
10328 36020 14085 29414  8065
  430 94768 56818 47817 88368
31232  2577 73453 35610 13376
73122  1990 12502 20971 82499
24137 99589 23215 59632 42588
57816 85386 89340 20271 93322
14853 27327 28207 48857 51875
45665 71735 95702 31120 17057
48445 96232 19147 77377 21867
85347 62896 98287  4903 59207
47008 58335 18900 32713 16057
96954 21855 52553 96749  8137
 3966 26335 40108 44869 33034
29111  6429 31604 95345 54634
15372 39381 39997 50088 17325
93762 95271 78049 69627 20229
51017 63371 86153 49515 33415
51949 61283 16209 88301 76078
 3641 51847 90990 55565 98422
68761 50744 62803 50538 98096
50671 89328 28345  4054 67292
24444 24211 68482 43449 86059
36553 41349 93928 30180 56324
68167 77599 79377 10275 78650
92240 92416 76439 66819 32876
37795 46878 90728 42018 79494
30681 28744 19376 63165 32919
42632 53284 91916 11780 73629
74401  9343 66798 61900 86785
65378 28606 48530  7842 95032
43651 49800  5288 69911 12642
63373 78161 78989 51555 60112
71168 83474 13358 40009 95054
45258 75794 23702 51239 44898
89042 38963 98719 20152 85373
80259 88655 49400 86466 39949
85160 14925 68067 49404 39836
40409 15821 56449 80736 78331
74407 71388 80449 29706 68387
52925 86141 66004 27267 92807
98197 10713 75610  2771 38013
42840 61750 49151 19175 82573
81109 27163 38821 45981 24347
78490 63359 81628  6348 74784
62663 41549 65296 47379 22375
88514  7253 84669 64958 58291
90194 11764 34296 76804 60690
81406  6944   599 48748 53806
56863 16197 78122 16814 44568
36303 14134 18718 22829 35156
57667 91603 46962  3552 36131
 3774 29978 93589 72804 99044
67322 71575 35681 50247 91882
69606 94397  3557 38017 92123
42729 33915 82426  3058 80635
95438 85433 35405 43640 39443
70978 90818 45453  6617 99746
92635 42470 95393 13058 46293
70315 98087 20105 47304 61852
60121 70192 99452 70426 86470
 2099 48869 87326  6911 38676
25883 53268 51300 34938 87841
 6561 73998 77824 77376 59236
 6309 15015 99676 12144 10313
73275 52753  8089  5281 79806
70784 33003  6674  2290 15444
 4929 42382 62084 58184 12120
15566 69634 21052 62989  8980
36869 95399 68152 83558 35585
43900 21244 73991 24252  3662
54877 60876 90008 63408 66520
26182 76522 74136 43085 71995
72521 28742 63730 56414 86062
89663 64397 78032 94200 59261
45751 88001 45612 50277 40924
26392  1622 51104  6272 34052
39969 16044 88764 69484  5281
89746 85808 42611 55267 11006
19215 32981 15182 55777 80098
17386 60514 50000 52070 95708
75866 43154 57289 17919 43014
76783 49777 15938 79501 76714
70402 17482 14814 18535 66624
20127  7453 71217 88748 52989
33416 55531 89579  8869 69239
47264 30918 85979 77525 16328
 5942 85110  9888 45410 46624
37523 46768 61634 82885 99441
 1170 88442  6322 26630 48613
48797 57739 35366 49789 75110
18926  4761 26939 50020 13911
 1280 50464 20924 69235 76326
85771 63340 49010 45215 29810
80649 80562 26213 96839 15632
65854  2488 52674  5611 58665
19929 19874 43087 40890 43947
87679 49167 90738 36696 94353
96522 53070 11593 58696  7962
97141 16167 90241 75301 66401
46164 27407 18153 53976 62928
59569 69449 32395 21392 17087
22602 27269  7049 71899 45166
41129 69460 44952 74965 74926
40528 39942 83559 22027 59929
20925 11394 57931 28354 38750
63347 51669 25870 64072 12882
92320 19642 10574 58334 23115
47919 59759 40185 28265 37406
19611 53522 61769  6155 20881
80573 70328 99580 31630 58659
72648 82851 52058 18818 98762
79676 53254 75402 53620 51644
99492 45015 31341 34293 53079
99469 25892 70923 46275   156
45928 90362 95975  3556 38676
28524 65300 16674 70260 40812
70406 51403 60425 38059 27394
  409 86398 63952 91396 19707
85856 17578 52849 23928 83565
73153 71063 28469 97166 42181
98740 29029 30891 79341 74982
10124 47994 15241 40011 99082
44682  7137 30234 12188 86180
19788 83631 53605 26619 30041
 2099 73330 67757 70097 21154
25854 56425 84645 19739 90262
10485  4570 48216 33020 76626
31940 52879 41957 23890  4512
53233 63551 34260    26 56686
 2839 97067 16243 81390 78127
  735 17078 16333 48174 52724
90192 44117 57212 44558 42701
80616 98705 67063 87928 60681
53680 53484 46980 56317 61642
28858 68045 81134 31502 49677
63999 47863 16686  6363 60438
83188 89461 25577 21095 61682
82319 19650 43322 78303 53663
42918 62278  1069 85996 31910
69414 81105 23463 58213 22556
13449 49486 96273 69754 97196
93446 41943 91712 42111 11653
28124 77703 70941 81738 19920
43964  3320 87634 70155 31896
34577 59962 58239 55745 70705
86981  8683  2826 34174 94936
33443 44409  5210 41617 52288
54123  4611 54727  2967 57999
77164 51549 53632 62624 79095
80731 67429 83728 39655 85751
55734 44078 28536 42730 96131
63415 19129 16810 69067 54949
88910 35733 70745 64379 84959
45801 36864 98263  1590 77320
36481 56712 75231  7139 91371
48532 66564 11631 25520 27100
77797 56654 77814  7011 37818
32004 94816  1207 20859 53524
10195 95532 36249 52315  2165
10604 72371 55010 82273 16285
65081 76518 98965 10587 80301
81516 61688  4226 79755 26896
33444 64156   774 34162 94576
41586 73219 41224 97051 17323
75330 94044 89589 39500 36963
15507 67537 65910 99733 64002
25005 77307 21783 33373 57410
 7471 33950 93550 69327 19413
65309 78160 68866 15332   585
56192 26513  8320 84213 64565
23361 78055  9052 29303 40740
22515 67585  3451 27884 80433
22294 26230 61690 87348 27203
  802  1657 29984 67423 69371
48024  5236  3048 87677 39363
26564  6384  5455 97906 53397
31153 34695 67819 79354 48352
49151 39709 35563 77161 61646
37189 16015 73050 59392 77579
 6528 24810  7605 43457 22994
29341 37872 73830 93190 42716
 8055 25719 77940 27908 61381
36027 27780 35183 37445 63198
54593 63227 76759 75381  1079
69588 84934 94910 38038 24871
 8198 48371 84438 40603 74751
66900 30948 53255 27241 17544
 8885 53881 41191 48114 73955
33055 69560 35461 23273 26630
 2041 44914 65311 93985   398
67761 78275 92809 39658 70525
14679 90874 29665 63763 96938
10991 43518 73532 45840 29786
32643 35761 88485 27580 30192
82157 84809 98815 71664 33877
18064 48595 67734 77571 92275
81618 29352 99802 63644 59071
56638 33668 24768  7809 78190
19027 60150 17483 67947 96208
83861  1057 29106 17705 31682
69608 92651  5128 64738 95498
45791 43488  7242  5520 28281
18598 21526  5990  1412 42332
19009 29110 15567 17264 49076
20614 14867 86634 72442 18686
10197 35900 17731   378 12661
64836 78091  2282 65442 34304
25136 59916 61063 96615  8403
52612 19065 26006 35544  3647
 4503 44439 27298 36636 28804
31190 68095 74350 87514 10184
96226 84333 35227 91200 69999
96811 80288 36516 82591 98386
 4080 76572    10 88436 21789
23847 11153 92167 46295 64255
60950 89249 72515   892 53801
62199 10484  5363 92296 23559
13865 16238 71391 58284 99115
90988 36099 19687 59640 77011
90122 81610 95378 53651 67804
65682 69557 70806  3027 79110
17882 86032 60216  5794 93130
45553 32319 11447 59283 69458
77157 47059 63046 31827 65937
50944 85242 40855 91710 93063
 6935 54399 81830 19587 66400
39945  9536 60608 52606 67203
11941 26391 61935 87985 87306
53653 47895 41338 25750 87855
28385 14781 44097   377  5590
89316 78759 97458 66349 83063
15367 58017 67663 89972 17017
47781 59385  6925 24166 21708
16321 88914 82307 33237 98701
 8237  4754 33630 80827 30864
99190 38288 63633 54481 80673
40380 99948 42973 37878 94426
15660 50908  7251 18349 60832
43710 57653 62149 15590 57575
91213 54734 17547 38020  8417
82895 57533 46932 51708 84351
77342   836  2077 71581 80286
37848 84666 70865 67349 90038
30120  8805 33657 93453 52490
 8214  9184 28696 18498 51166
89184 21326 45814 95555 44911
 3848 58745 90698  6084 42137
39685 60546  9524 71007 89228
90883 70808 32163 65934 97511
51530  8288 99234 53436 58721
60952 85931 16315 30305 20933
 9615 79128 24701 84234 25235
98870 81451 20254 54901 83311
84999 80261 23545  7315 68268
50502 51802 93450 94186 23130
45824 10721 73331 62535 21377
20689 10472 58199 48760 77187
11825 64496 34568 24369 88624
97996 52456 83278 74411 31466
27233 74987  2204 30222 95589
24974  1852 61415 80028 31573
16316 95269 69109 80612 86374
69282 58716 58260  9476 46474
85410  4444 73961 14218 50214
74408  3646 31818 87714 60863
 9891 47134 12071 82642 21046
20140 82414 93144 27756 41538
77974 87668 31171 46081 70645
15459 53987 10892  7854 94209
79806 26832  9466 92114 38376
 1449 24597 41087 64935 25096
22321 91537 91331 78528  3358
57428 17484 50997 32112 67186
74329 47754 69442  3449 70938
24283 80341 24397 56418 52042
67724 57503 99610 35004 43127
82834 38334 97288 43056 46826
64638 81358 61657 60519 30146
76406 89446 23204 20519 58978
39374 23260  4815 16618 39727
22450  8015 35932 26329 38042
58652 96990 50221 56186 16796
91406 89826 99305 57520  3607
44494 36581 63122 52204 23245
92843 65115 66782  9165 65418
37829 56661 60404 31975 63246
46581 77240 40151  9081 25973
45937 89662 34791 63423 43702
49043 73564 17515 74310 37949
32271 60580 72147 50344 84744
39882 47108  7368 65522 84099
 2588 54691 99734 25764 56877
29406 17820  4994 13342 47742
48635 98829 66389 82743 83880
32054 71059 94449 71782 15976
24015 62644 16686 78882 95804
27371 92438 83500 15605 96574
 7067 27517 27383 92140 89036
73822 58240 66224  4871 56748
31089 41816 25392 78586 43420
31690 89317 35496 52581 94818
11541 50869 12923 71832 92552
47035 80959 85581  7553 43381
24715 30772 40532 56377 26697
76133 32571 73360  7602 39607
14291 90609 33197 71571 89326
47930 45344 20299  1468 61526
62213 30227 10723 82244 66845
 3352 31403 15610 58449 23105
28447 41126 14214 80775 58409
35349  5026 71926 27481 83258
71737 39243 69474  8763  5054
92762 55512 15750 62201 99830
34005 16666 29296 19099 25392
55386 12157 77482  8950 77462
62719 67783 91686 77588  7639
12824 18144  4715 35875 64606
86763   993 68642 99060 91901
34477 74842 44352 81831 70719
29329 94721 40314 65319 31615
91807 90530 90167   622  9861
74668 80318 67251 16011 68385
35752 49044 20423 18312 98782
20792 46124 33530 77889 43298
70014 16038 13269 88253 48603
87012 19706 86726  6324 49026
85381 12704 37667 64191 86578
50797 90549 73005 94107 61854
71247 29268 54990  5534  7058
27434 79966 78487 48406 32643
23397 54664 75036 25982 25419
91917 37961 18345 96395 73361
51296 29513 95442 44603 31667
34543 13346 44011 19704 64894
60653 36862  3862 48929 41223
43792  4537 42381 31740 16721
43079 19900 36121  4068 84330
 9797 69623 41954 90247 98437
54348 68956 73579 94882 43852
11498 53590 36423 56566 70649
 5733 97825 51683 88819 36585
28452 93094 82633 86662  4782
72370 10859 97757 82248 77364
70385 23633  9645 96559 75835
66631 51968 93518  6575 75843
68948  1188 48762  2170  2867
 9866 54241 49491 61696 54644
 4879  1748 54641 76153 74935
29064 39988 23506 88243  6063
28758 27847  3998 64114 23267
69102 35429 59830 40481 86143
 1028 59556 19943  5103 77338
75879 84666  5832 37122  5980
90931 59685 42704 17096 21303
95988 59262 77675 20108 35975
97027 36955 99190 64012 77438
24787 11048 15890 60072 60864
82828 75083  1390 83202 62291
84054 38391 17610  5442 37509
57973 18398 42048 14460 51686
97709 85644 68584 38210 41101
52163 42173 69893 74999 72555
38417 34140 22174 95311 34473
20470 95728 19568 17582 59047
10501 96939 19866 34166 86512
58976 51059 71987  7733 83858
55186 57299 49067 53008 57976
56328 56382 81955    10 11189
62495 50134 85258 36885 59076
23598 97148 98793 81118 53753
84702 14327 84998 22594 21634
73762 17909 33205  8948 21097
88509 47696  6579 74390 62465
 1808 12195 59677 17601 39825
 3103 42739 86064 79888 89120
80718  4480 51857 96970 89985
 5497 81077 52581 91330 46367
96989 60811 36485 14372 69198
37786 65886 56065  6030 47815
98240 66739 20023 86770 71990
12709 33217 35639 91273 10704
 4411 78627 52364 55666 83671
43201 21495 38994 94385 86401
93595 24919 96096 14752 95285
37418 41882 72337 26361 55545
73728  1202 53324  9378 35185
41583 95524 98891 46693 86982
27891 96709 25874 70105 62191
53353  2843 47809 82477 56233
91941 35891 26715 24600 38738
20982 65856 99519 22085 83870
19265 43356 85114 51687 44969
97130 37081 77318 53070 18672
81648  4140 51303 21329 80442
  984 59332 49627 37127 78888
51894 71783 89225 32550 83703
68886 16337 18613 22259 94982
66931 82747  1471 36639 45183
89232 20238 45364 48945 71998
74157 82244 44862 49226 98567
94462 46565 35104 39824 94547
58551 99528 60004 99585 56419
51877 10614 29345 98550 11129
46029 95941 51755 66278 92401
95999 84125 42183 10013 99593
69106  5836 27549 99755 13023
18252 81604 30549 23880 74043
32141 43184 57351 29745 94609
24239 92659 24135  8419  4331
74307 65373 88375 16847 58131
99832 41586 82201 30731 45337
51314 52634 17156 27105 14869
 2051 75438 63106 89159 83367
16143 29939 76252 96983 83293
 8771  5730 70571 73561 20543
 9686   539 16079 77407 59649
80636 47177 12042 81535 21451
47800 74441 63427 20101 48265
14617 97919 34353  6270 50088
57291  2746 15408 79478 82392
99947 55599 38037 51808 46421
  381 40377 76015  5953  4428
77315 22553 40057 54094 47006
85347 58564 52812 75638 25152
81382 21173 47200 82461 22156
91232 53398 95485 90724 45088
60894   481 15920 84532 45773
70590 90942 54355 35009 18126
17195  9651  4112 75555 63129
43679 99152 70143 53358 22538
97890 11102 98935 41659 16286
47690 42060 62462 41702 80621
36314 18259 63741 58056 32799
50683 73334 60238  2400 82574
30140 76125 73921 76905 24780
11366 75796 46983  9896  4568
30324 39337 77743 62088 45548
65590 72520 60659 31754 54662
28824 30940 72627 34170 92937
85204 92822 47433 41370 10221
78257 83357 79746 51842 38974
53039 39962 58978 74751 50775
80935 41975 80417 99723 44216
44088 89094 64078 44859 37884
32624 57917 13310 41398 48426
53809 86972 94751  7397  9758
65488 83196 32208 23279 66822
67679 79908 90196 45986 99780
96542 16969 56343 51846 21999
68712 70165 86194 41540 98218
17019 18250 97485 69349 12328
83708 65463  9225 55657 20410
24333 37605  4548 25484 84620
 7856 83566 76375 81756 84185
67778 19350 35463  7786 25043
25257 24956 77079 30265 28453
93785  5017  3188 91493 50409
85112 27295 93132 21956 60095
55257 19501 85305 47732 20132
25333 79445 98794 30982 19192
88351 23133  4387 33704 97845
54263 64499  8606 74478 21214
12949  6845 34335 10443 58443
56540 11554 33205 70785 68121
12194 39460 72400 38693  6615
87779 52441 86824 93779 10760
50958 90023 62235 81501 98431
98002 12158 61224 19584 86726
66343 55206 33248 27213 34677
 3325 40429 24437 89043 21478
63387 44228 24173 25492 38463
 3196 34612 60028  3566 42316
42471 77300 86445 67392  5096
48315 69263 22970 62345 24406
24701 48417 94658  9217 69018
48507 69201 10378 87825  3951
72843 39363 28716 21719 41927
34110 19730 31966 80855 57917
96623 17788 77458 70105 18913
54310 73719 23184 66838 61602
45160 23441 14797 83334  9139
26881 24984  4948 20860 79645
  450 98886 49926 22347 25574
76947 35382 29032 25429 87035
60671  7476  2190 12697 66754
36318 41090 77450 79233  2769
91742  5993 45592  7729 98719
76177 30336 73900 61773 63704
64896 79544 76844 60344 36408
78786 56877 88845 45199  2388
95915 90318 53931 95451 60740
50537 82473 75751 47516 38718
98771 72098 74053 77006 60367
26134 67813 72311 73891 22559
 3188 31202 25845 61692 51015
66189 93080  5374 41877 25609
15578 60096 45707 53069 24515
40545 24911 41782  6579 42556
48268 90730 20801 25691 38307
39735 66466 43602 59492 68461
75763 93903 23814 59541 10189
83374 47913 14394  6608 86399
71056 57284 59977 92956 53921
69030 38303 19478 22235  9581
95528  9594 73405  5925 46762
25237 97439 96743 73108 16552
78472 29185 27341 18271 30604
70460 58007 74764 82249 35348
37365 86615 91371 69418 54391
12056 66671 33717 22729 43008
48062 40479 15358 14354 80362
89804 90041 14412 94233 69599
72137 28513 32476 46131 99812
23553  6618 94596 49342 60766
14762 74166 63497 11386 88484
 1400  1882 82603 30212 87719
71294  1268  5489 17150 42536
32838 85107 37050 74625 57844
 5035 12003 22695 36936 34786
13227 21812 78425  6458 74487
78873 48493 85587 20673  9209
95504 45524 57277 40822 43813
25816 97781 52710 93425 72334
42777 28097 19062 10920 68437
74310 20734  9983    70 53386
75838 78449 16824 95420 64176
 8765 23284 34074 10804 19967
32471 64100 74682 14991  6506
52543 52951  2728 69074 73595
54358 53264 61000 69355 91305
33244 41939 29250 38376 35125
13535 22611 58581 36782 53265
80611 48051 57002  3807 25349
82185 78981 50594 14411 99747
14554  1687 34651 86421 30002
49127  9458 59501 44993 28352
50443 75288 57427 90364  5614
36787 83021 64241 11341 50394
19014 17391 22383 58658  9523
89633 32472 99318 59863 13191
52136 12464 27432 45874 25598
 7001 15471 54060 98122 78839
34293 99406 25991 38253 16191
84566 79990  3527 64702 19623
38255 71213 61502 89621 98870
37321 30718 78171 98536 81041
24259 96024 13147 90568 66087
30164 14592 21994 82389 30985
17518 87553 87284 36278 91786
45533 93411 29958 24259 52679
67632 64246  5187  3115 20196
24654 14867 59228 19271 53516
61008 42168 35978 17904 55880
52503 70731 24976  3631 65594
47174 81813 76848 60287 57815
64061 42923 25924 58116 91430
88458 21341 90960 89307 83817
90519 85805 17855 38158 55601
13453 48053 23331 19660 59736
10654 35999 79864 13423 19527
45277  5184 10668 90731 36379
75195 55696 72794 45069 25799
 8050 73422 49766 71682 10079
42656 18120 11239 60814 67347
93766 10572 13134 72282 47191
65574 31755 23691  4656 92557
15730 80114 23265 60057 30719
  664 21146  8610 26673 33562
68599  8175 77615 40213 77778
77419 64791 28392 23261 64236
53952 88091 57592 60434 75945
80748  3767 68550 41010 42389
96466 47194 61752 45083 29164
97848  8960 53199 16723  6081
51926 40689 36013 82035 22494
69711 11675 50616 99352 80034
98513 85015 19336 72996 20109
62014 11706 26112 53690 53417
97605 43498 47209 38244 16060
71591 54253 81151   211 35792
74054 98628 83692 73476 44637
48959 49337 45666 88798 69539
75891 94907 20875 38576 54328
40411 88064 63839 51703 30129
57938  4341 51387 34979 20526
 8916 84590 69599 38022 94004
68867 69338 55108 16339 14732
48086 58571 98434 76536 11067
65603 99320 85630 93156 85491
50720 50616 13893 53460 92956
50179 56169 18599 79573 17336
90594 53447 52333 32560 37156
25753 36226 47196 28666 95227
38813 81751 14902 51860 94357
75361 40746 92524 88358 19088
28228 89273 17646 13488 98398
61577 87109 15771 92089 83302
34879 12936 58630 97596 28625
84983 70003 14761 82647 55786
65753 22731 68984 71951 86611
44306 34196 85243  3059 14760
 2683 89729 67222 80142 40021
11170 57475  3200 55671 20783
31259 11853 15878 68044 84046
49022 19081 53154 23429 86167
74346 37788 84524 60340 71150
 5812 57809 91919 69866   575
91948 20361 35191 33801 16252
81464 61184 32458  6130 69232
68066 19154 22221 93966 33825
73286  3768 85236 16271 88000
82502 90673 35495 46886 23877
77926 47796 27081 20284 58805
 6990 99135 21896 29421 42223
98189 95304 23196 89915 46128
79170 66180 76388 88911 14769
70705 39125 75706 43265 27684
96928 96676 56128 49040  5330
59558 40576 44622 50628 44166
72672 71513 75628 29177 75226
10354 55900  1148 66999 85232
11693 13106 77648 72775 38584
30408 65586 73904 13969 64278
 8419 41328 94311 79593 44713
15988 65466 31771 11693 84431
34341 71111 12390 36370 38638
87818 63627 65577 29391  8522
 8144  5823 63234 35786 90768
41494 74542 43487 28572 93411
55364 18785 26769 59411 30962
45711 29617 41223 63533 56337
13688 91075 48779 78298 90539
76000 89918 15224 68331 90453
45995 42198 83552 50238 74303
63911  7911 83407 16495 11000
30136 51629 13204 60314 89020
59260 31584 16387 62393 79204
65652 73347 58423 17973 53050
35904 82807 30396 45662 78862
12163 85090 98607 95022 29740
99539  8820 94116  2225  3936
50144 58379 36405 98958 20497
33327  2895 83031 72013 35134
22603 71310 38341 29964 63504
77512 65499 43435 24715  3524
41215 93058 22914 60624 51095
65586 16633  6924 66462 40487
 6815 89541 98573  1691 27406
78187 64396 15198 44832 58996
60125 75087 64181 68581 62760
42886 10893 57390 55942 29829
88022 95984 63371 99295 27450
10693 19010 96803 60951  6546
34632 49170 20866 66065 91366
30256 42388 34517 75493  8774
93914 15404  1527 54867 83504
67267 44503 63115  2062 58664
 2030 48519 74503 27685 60338
95572 99711 31440 33364 16932
19441  6988 88065 63801 92334
10228 70696  9641 24659 90611
79943 64359 59256 39050 94723
81345 65724  3306 12556 33160
68118 73012 66225 23189 17908
89162 65950 92071 50233 59129
23211  4591 78694 44811 76278
23938 83283 81891 18222 94351
 1532 20190 90121 89721 30533
76730 13057 52399 90841 35124
26002 69628 78675 62142 41772
65836  1071 92977 37251 64171
14813 17803 61807 18894 56114
 2294 19427 45491 34747 82877
23667 62070 31766  8005  1972
76324 73011 71621 44194 44332
52648 12832 25240 40179 43104
65586 83496 28545 49665  1133
93363  7348 82871 76150 87115
82368 92675 51856 17537 43704
80215 34735 90035 12553  1165
39803 58932  8255 24198 29038
11792 38688 79641 83602 49202
14829 26759 45439 71592 14411
16300 14673 92719 24925 79597
37722 38711 28557 14445 49017
72921  6797 80278  1507 12036
26481 20340 85826 52385 86285
31698 37198 50758 24978 40455
31660 99330 93719 10230 23664
 4241 54958 61277 26914 90527
93938 67910 44166 77532  5564
 1876  7066 49744 99059   205
23455 54065 71930 24333 65613
91332 90567 26573 46762 45278
29773 54387 43443 60418 46452
25196 85440  8987 45519 81294
82872  9904 37442 12751 77556
 3789 39683 82557 49907 99503
31229 33661 53641  2127 78393
 8225 95570 15380 28224 99755
92819 17450 57055  5165 86781
16501 61984 62917 18082 15889
53526 29431 52864 56378  6639
81590 12105 35435 26569 19850
26251 61708  5246 48089 68962
19172 79267 11303  8538 18997
 1492 18240 18158 25879 49546
22822 31517 39019 57020 21166
34108 30474  1272 25812 11428
28967 69275  7755 98523 99092
92596 69205 88044 95485  6076
84680 68563 88192 69711 80746
58361  9168 23747 95079 36127
61860 94257 80247  7495  6600
49869 44838 36686 68202  5652
86340 49569 20111 70401 78457
92086  1474 48970 19317 70917
28197 99889 39092 78037 98878
21193 67259 44781 71450 97592
39471 12367 29557 65359 35605
15058 67405 69166 55690 25997
 5136 90097 84486 63195 75194
44880 53151 78687 68127 43353
 4931 40792 99930 26266 28551
16175  5040 43991  8017 27445
45057 18065  9682 25406 13408
25758 51607 30247  9451 18470
97635 78717 59725 61074 76725
76735 38448 55649  4918 62567
26350 45830 87827 33719 62019
90910 92263 40838  1856 10450
 8302  5055 55109 70478 57413
 9345  8981 92436 55932 58059
82281 10991 31122  7666 81783
10579  1892 23098  3055 91683
17701 74306 99453 59218 14615
14009 97305 61423 83335 72118
81518 92537 24640 62578 81662
77437 54190 16956  1203 87599
76658 70781 74935  4379 37126
49095 30712 84413 94174 84887
22189 25955 56511 65448 48381
 1668  9372 93054  6848 85497
14824 58559 87855 98615 84201
43083 79434 44007 41713 74414
59995 46563 17555 66473 10318
21774 20239  9136  7882 47485
32753 89931 32987 34948 51127
52516 30221 84360 33205  1532
14732 34408 99210 53155 92766
35334 93797 28809 95368 15204
72885 83264 96567 88526 48169
92928 30996 82234 19467 61300
64374 98500 27051 63177 47669
 3596 49413 26509 30887 39677
 1314 61637 34557 25851 95997
53130 87840 11932 28048 23927
54435 20676 75981 32321 53058
58196 48402  8019 13172 37028
55418  4354 18004 68663 32796
21300 44820 97445 75464 68273
24817 25441 52075 48784 75292
60097 96906  1208 87625 80818
52129 51220 51573 21407 44613
49857 41632 47192 39764 46651
80344 52977 22481  2559 77656
16908 87892 81221 27062 34105
31143 54395 68624 54144 80744
 1405 88477 75017 58197 72407
62393 14702 93463 51821 92509
44226 96036 99195 11433 85378
13227 63075 28994 80722 72688
61394 97402 50493 39868 20932
83668 64915 44673 14394 85881
87030 37577 90313 15469 43235
79616 36885 41293 95344 17656
35337 60099 45514 63420 61154
50262  3897 40073 38848 53956
22924 32038 42717 49734 81184
42812 87493 18456 62572 28830
11270 44739 81917 91303 92442
16483  6638 38840 74361 85727
87188 36585 71760 72245 36112
 9494 67391 16094 48730 38581
32915 91874 97657 29430 74806
92520 55602 49395 99177 27147
48580  9279 25448 68931 54899
22220 74585 33077 87067  2611
68605 32193 88356 58024 91380
36124 26150 12679 36096  6505
86871 24752 35802 54354 93957
88115 15422 45362 15897 13915
13863 76742 86212 16616  5834
94266  9632 24109 46597 35039
97998 77110  9869 40821 85971
38470 36300 85068 67534 37964
92573 11770 67239 24523 45019
61612  2750  6609 78192  3988
  688  9302 68728 62819 38486
12659 96887 56889 32403 52609
55244 65129 42384 34037 41957
57645 26610 70082 37004 85088
60007   857 93361  5639 53559
12088 30793 57176 62021 88950
16974 51082 61641 10002 23015
61344 44147 19042 61524 61398
49545 68691  9025 85419 98070
23082 25839 52378 32633 86451
28530 19599 65328 65564 65533
84688 44962 46308 13642 35415
74444 61155 35534 41456 29920
14109 45030 77471 34103  3418
43502  8753 63011 59363 20959
90745 98742 39262 12010  4222
44708 90923 93757 64251 72080
53589 14320 75508 96520 68303
 3857 46683 49125  7137 29876
 5741 80878  4441 15051 75644
74504 44319 60637 37680 58642
74288 93575 19191  2164 43648
20938  6726 60977 98075 13251
75166 87538 71382 41641 20786
89182 19891 77801 31145 32193
45408  1243 94497 72713 38745
58351 21443  1757 27804  3999
40344 92092 79273 73354  3683
97000  8927  9017 43726 20731
79657 53325 45229   794 27228
22404 11016 86404 44867 88050
 6914 67513 33673 51299 56420
25035 93448 55571 96105 49591
72578  1327 79528 50868 84550
87817 90713 28239 38507 86136
97245 15119  1212  6525 50106
  834 43430 29509 30869 22669
27168 34149 85266 27069 61993
 4440 29139  9127 90472 15677
34734 69609 45014 57644 44881
17456 14210 20692 83085 36083
90325 37816 75913  2482 88801
82130 59957 27598 40093 63203
41767 98316 43189 23718 20567
53444 70059 28692 21790 84423
51953 90365  2180 92042 37032
90792 60067 91956 96308 82209
53678 31975 30576 43439 77174
 2118 35323 12505 48273 79169
77496 39212 65326 15500 72172
10031 34336 48030 56732 95524
46090 47255 66263 58025  2254
49594 95689 15861  4926 57592
80324 87074 62212 12576 17672
41646 54229 59131 14686 56114
 7470 69802 31454 85953 71893
43080 43232  8366 36209 56133
86138 83048 99373 98919 51460
59683 49558 47823 53115 62655
44837 19022 31091  8159 84121
64036 82039 37377 21399 99035
 5683 89061 99877 52787 52794
 7851 68813 88488 20437 28558
96785 30322  1442  3191 83410
58668 16998 74427 67472 44578
75025 66661 38781 98756 28011
 5703 22739 46915 89685 38382
22014  3118 21085 68665 85644
37313 71482 40099  8514 86272
67054 23922 34376 31535 43025
18927 20648 16275 61634 39306
79025 46887 76924 94372 72210
40494 59797 71453 46193 56048
41420 48219 88400 74746  6850
47123 94953 13922 68336 64417
79663 94734   487 72258 49092
81928 33180 35024 52807 43902
18777 54004 84393  5928 74483
77562  4383 20719 89492  2671
35762 50420 38182 50614 53445
66656 45462 67690 73397 52903
 3798 46693 38422 35642 11382
 4245 19186 72983 59814 18684
31689  2064 61485 62366  2881
41436  4649 79791 91848 60123
77168 11685 87145 26429 85137
69035 26701 83150 43702 72561
77742 47630 41860 77776 55771
84834 70184 13830  8975 19456
89074 49520 46582  2322 79061
91292 63093 29918 46640 88533
71103 39142 26961 19393 28406
12200 43736 86243 22899 41161
32717 28742 76387  4004 71770
25868 56717 60933 55609 91987
94581 22461 39409 65581 46131
18070 82117 83642 57746 26472
67862 63648 28477 41382 98748
33178 74502 28170 71272 42439
 8750 15400 70253 91982 89753
27955 51568 54809 95745 50617
54493 84637 48273 84968 12233
13217 19618 21438 59273 89999
17593 54655 42845 37221 78646
70821 32723 78372 27321 84608
61240 33599 35688 66989 68156
55727 53664 80756 20240 97667
18937 47040 30555 95927 15933
58039 26217  5564 67154 96797
41180 10877 93343 63219 80510
64224 73430 34750 83234 83003
59136 13374 36384 26144 12250
47202 36764 22531 41890 64068
39900 98931 35149 69141  8408
23965  7841 71294 94014  4197
40651 49722 71615 11588 98186
34014  6625 15743 63009  5950
62041 55146 87571 10448 61235
10383 68725 46157 96230 72117
13850 37278 37277 16740 24737
71921  7443 93861 18909 64470
94436 98192 88857  1612 80792
62005  8529 27959 50112 77306
48737 25126 76203 52328 80205
20035 10207 86253 66475 56043
 3259 45347 33611 93240 26949
32463 69861 13949 89999 30791
86303 32241 71817 69833 52706
37101 81809 24002  9227  8135
56065 95922 25262 25265 60771
12454 30182 62744 30229 25948
22546 86887 50513 12986 38700
33081 62776 43299 69697 73722
13946 56309 62742  5870 17817
 6657 61179 37227 70463 84486
47122 72126  8007 27662  1689
33754 30153 34519 31920 47151
43314 42258 10845  8052 14115
41183 19122 60137 78182 42000
53570  6917 68136 66316  9779
62007 82553  5257 30481  9282
84519 47328 77195 68130 47552
 6682 46160 87512 83945 21678
39833 89207 43949  2108 47674
72413 33929 93738 94658 97879
30218  8432 58479 22798 26849
35477 70983 68452 12310 42655
19933 95966 72561  3760 17147
35822 14830 73467 88682 58255
50846 36575 23445 39728 80930
95876 19702 87486 48807 22196
18326  4804 91047 36095 16224
47786 23536 58320 70173 50008
42128 56235 35130 48938 32506
38596 24128  7145 32395 61533
11590 78419 89704 31729 40625
55386  3650 52712 79883 86833
 6616 54735 68972 73880 64825
64208 91713 95294 41580 69188
40535 92824 25237 98635 53048
 6587 19647 44462 52126 18938
56014 95348 64336 88991 92391
85363  1746 70865 43920 92740
58965 50787 66257  7247 78817
30769 25898 38479 88383 71524
96231 99800 95890 28841 18756
33312 58111 14790 56113 65089
58369 28012 60008 56518 47811
37286 86738 34483 69881  7012
98964 54302  2232 76352 37209
16513  2132 57039 60902 41544
58972 30987 56108 45254 98635
63140 98125 14457 78034 79591
17964 31188 22655 76294 68175
48280 52381 25578 44521 84918
19244 53708 87146 59880 52655
11507 13335 81215 28798 87652
17941 14188 13008 14921 26874
76819 69798 98089 90163 17566
35749 90788  8705 22087 93441
59065 70898 71487 27073 98697
 1818  1607 60775 80947 45560
89220 82930 34623 89478 83695
 2687 84895 79270 43577  7216
  660 80692 60141 85876 96350
15621 44284 63294 57757 64192
31726 19107 60638 44299 31143
81054  1205 67612 80326 13473
71139 68629 80759  5633 71379
  391 60973 31668 51152 38176
46583 60609 54861 12684 31761
47149  8244 50015 60243 71680
25308 59498 70428 86308  2176
89718 72317 56458 50264 98826
 4824 23585 78362 68412 78421
92759 31390 66641 56974 90033
45740 85413 47560 84735 49248
42778 52431 74229 40034 29301
22969 32124 29041 31427 53706
42030 60982 15507 39695 67384
74944 82835 32643 63561  7389
25034 98290  6319 99913 46520
10937 16531 45440 15351 20548
77786 90114  6821 23837 21650
59316 17237 23870 36923  5398
16181 88459 68662 42941 55649
47062 10685 99669 47453 10773
94032 48148  5794 14661 20912
  895 16977 30437 32130 86826
38204 39960 20199 62163 12149
93418 14729  2062 24282 17662
 7128 33667  8379 59590 86004
32744 46132 64745  1263 78143
19983 33478  2878 61692 61495
48681 37405 81307 30488 65475
    9 20648 66908 62887 78158
94597 72662 45963 74064 18872
49632 56912 17513 15309 40075
43259 47972 40877 45798 19750
11695 65097 59167 11252 46995
45995 86864 80993 95765 81843
99692 92218 21068 29318 31745
10857 23657 18841 34487 27987
60548 27608 72561 64234 88765
96166 83593 27019 50807 56027
31678 66704  4839 60613  5746
78753 55729 48430 92879  6615
64923 31012 55470 14966 67806
26591 34101 52507 19217 85864
84872 54003 42435 62697 29084
 4588 56536 74940 11037 29430
98181  5695 57127 37911 51900
96937 39386 11311 71993 87570
17213 17934 93159 26339 24537
29414 40455 38183 80837  9837
  765 23007 47783  4764 67084
66500 34461 75599 80688 96826
39681 12224 34139 36116  6254
65748 79605  1283 85409 14339
39273 89811  2035 58794 39406
72498 53418 77195 11465 52799
91032 79269 96661  8912 68249
77884 77024 34917 96215 93663
36267 60178 58678 52421  3039
30608 73016 32741 11296 45932
35405 53977 48083 43069 48066
17133 79546 54998 18141 82672
54416 83811 14045 95448 74297
78124 47326 67203 62761 92758
82733 69029 41075 79668 48124
87781 66035 74915 26203 73454
72274  1209 84550 57892 22310
91317 72973 58247 13538 85862
19367 84776 92172   423 69061
85158 52904 90770 48243 57097
17297 15421 54779 48950 74139
97030 46106  2098 74544 54481
 7960 68884  8829 86251 95202
94400 97083 85375 91457 51904
 1168 79873 80622 48294 28556
60859 42468 87874 29511 48920
54626 57846 92161 89466 77878
39927 60871 85328 17981 73670
25737 59903 40115 37367 75566
53564 83466 60417  5566 11354
42564 69744 63039 67234   232
73098 24779 10762 63331 26959
52757  5148 52785 82161 51696
89528 56064 74619 40269 67848
18660 58130 39181 97124 22660
 2391  7710 87105 31162  8027
90917 74516 29015 56827 99127
58874 49956 10962 71741 37656
87311 98724 60602 88872 59695
50580  3388 55082  5454 45530
11949 14472 78908 56629 44865
61418 12735 75188 25860 11782
47610 30547 68881 48794 96648
22629 47561 12295 56938 59258
65904 52223 56431 15874 47502
77683  9707  6398   741 70056
96412 68011 20793 99772 98842
55873 12398 24490 71854 91155
64274 66020 51370 12100 28137
53676 43416  7830 61602 18139
 1008  8344 89664 61720 55248
51457 66686 15550 87305 37429
37631 48666 34271 89859 19174
57161  4828 40847 26699 33177
78597 33038 62691 17072 94400
34383 46723 86290 46889 83165
19506 81449 18301 58736 16029
17775 14532 89725  5921 92170
72471 50965  8828 26491 83795
58535  2317 60929 78728 27952
54225 55656 41970  5703 83109
81015 33806 21536 14652 73753
19123 84108 57351 78452 69724
21748  5110 46833 95405 16804
64979 59216 66325 80667 17845
61629 12111 46934 67532 27291
 3261 71789 27187  4783 27698
51464 42607 39524 85069 62023
70426 64861 96456 16663  2317
76456 48691 35512 59418 59366
84976 81382  3963 82760 13883
21872 53727 11533 50662 38793
97426  9370 88724 86886 56008
67458 80120 57688 14187 77445
16124 51447     1 20819  6229
32216 45885 11998 87894 51408
13049 94657 75476  2132  8008
 4021 45773 73513 49215 80178
38672 35520 81081 28770 15521
81966 28162 78642  8223 54155
13069 13346 26528 60486 18947
70260 16366 65174 77102 76458
88525 13025 99949 17633 23902
 1438 69875 30011 61569 79776
59631 87584 29134 71959 19523
67318 25250 68110 45660 88590
  370 62894  8824   988 42147
46246 20959 33862 11942 66825
42006 32584 69459 76271 56115
83716 51603 14179 29640 34519
67386  5113 69052 66872 53646
45635 16360 63717 34625  6635
55827 90962 71843 70260 66444
76138 77160 26818 59075 32391
 7075 86873 43706 68533  7471
36972 24519 10604 85642 78652
79822 68865 84241    68 50965
86866 78926 95133  1915 16764
 4472 89355 58270 53540 17348
19180 76114 80367 34400 72134
72271 44763 69515 29761  1487
20770 21763 36638 67620 50289
83771 72036 60290 76094 67697
45706 34566 21209 98637 44671
34564 88046 34126 47547 19376
39438 38214 42841 61917  7675
94175 54638 32941 29547 36275
79532 10300 93958 91447 73500
 3464 13211 51610 66057 14852
91936 22780 70521 54673 11299
96044  3946 66330 34937  4339
16540 95466 54375 65545 30269
64938 52992 41481 83857 63851
 4093 56543 10037 37455 47188
99713 44890 17083 56498 96939
 3314 40939 21239 38852 49471
 6384 70139 70522 82142 30960
55605  3416 35777 66378 16936
80731 22708 54797 38296 12029
57613 25224 75792 60825 23250
85040 58210 77608 95151 22236
98782 39678 92468 68672 70110
48365 52101 57311   942 90059
46586 55520 77542 68637 49710
21542 18153 95156 45083  6009
49495  6814 60537 77138 30146
56022 15344 83900 71509 85897
 6799 66073 33865 44432  1521
88458  3662 72079 57672 81333
29613 16544 48862 25266 95033
24953 67679 90345  8746 33634
94194 94361 80245 63679 54339
17719 87312 62673 72408 29686
 1363 31946  5127 15378 21745
 3644 26452 99144 23106 14058
10749 37438 10679 82578 73787
 7745 58523 94299 44018 49135
79666 41616 30255 39751 26272
13635 35035 53589 29791 71479
 5942 67035  4448 35759 33833
33923 37907 37140 62200 84217
61882 16164  1419 31253 45708
95337 94064 70257 38624 42201
60426   628 11610 94554 16675
74131 13696 69480 80295 41539
 7556 11646 97625 31013 77414
85536 58013 27577 68519 91377
14461 27730 15533 87929 50863
21646 87017  4611 95463 39913
83063 55495   949 29689 57524
24442 94599 28644 49289 79860
90612 77880 15735 17544 96775
31634 72126 65664 99752 47343
51626 28149  5775 10797 80742
43508 70359 73183  3639 77262
95425 19160 65374 13378 86573
51221 77720 88270 98846 66640
87192 94186 92082 28378 27301
51844 35754 90414 97044 36314
10224  7238 85544 56987  6517
20119  1915 80118 61141 39480
50351 74570 23684 77976 11335
80258 69242 13477 82925 66958
29545 94444 15537  2034 18764
 5343 81782 49610  8490 77511
46376 35677 77949 81476 30860
69302 28516 40536 84760 59116
83508 70226 70871 87973 51642
20646 22666 56795 63888 81689
32364 72679 21870 23960 36586
 4662  8437 62977  5465   499
40640 14224 12168 21225 30268
26535 97453 92548 66975 98500
24738 61812  3617 54154 55926
25318 43240 43670 94334 83016
34334 67498  7699 33568  2993
 8147 56333 73502 67537 52776
94859 79540  4494 56845 92786
52720 26079 58846 84644 69019
48726 87897 48643 65775 56951
48084 99559  8479 42619 19727
40898 77689 81038 66520 20160
89844 58619 67928 48771 54326
  517 87362 92400 54708 19246
72316 41736 68100 24321 48607
75626 92971 49296 63590 81641
52030 91731 31145 52082 71144
81894 10927 14906 13740  8774
33247 91775 24031 98294 76029
72911 69565 83714 73964 29609
92499 41408  5104 98439 55463
45535 21766 46366 57174 72828
13520 10907 61123 80728 94510
46372 57987 74937 53685 43515
47230 99659 11123 77448 99557
94990 37371 43266 18480 39178
92588 29234 60557 73738 95042
86296  4964 93483 66296 38696
31957 90724 65928 76005 11800
83655 91023 25132 42409 77164
83606 40185 29059 78752 93050
20127 52074 36297 97556 17416
87620 55517 32035 91675 21609
 6395  4997 11754 48809 17242
70523 81271 79039 91386 45107
33461 73771 66614 19851 88046
38777 81723  1871 10301 84689
58832 60983 17839 69284 94653
43490 45877 57365 14449 27161
37117 31416  5903 34688 99754
56064 90103 12870 32980 29821
33876 95675 91640 96201 76661
40828  5795 52034 21661 71170
43371   323 30239 62970 68999
99699 57847 71249 20496 50144
61896 89002 92032 71133 87938
36882 64873   188 16999 80123
99726 30178 69756 92237 29968
93509 62561 18202 37917 70334
27588  4571 71955 23632 27572
62550 64843 66148 52634 13685
51742 30253 34788 52695 35238
11688 68281 98502 62424 69104
28810 51051 54375 24191 60357
98094 59257  6906 81649 75173
71354 22322 79626 68354 71057
79158 56492 16468  6862 61895
51969  1600 98473  3949 16014
18710 60102  3025 38885 77994
50369 69913 52206 68483 46616
28518 57223 82982  1555 69984
 2272 50744 35240 50976 54515
13036 90897 25530 94180  8105
 6548 11979 62286 22141 74328
53225 85507 80373 61057 93009
87033 46850 19681 54288 58103
77888 54804 84344 42630 67125
27287 59646 71999 18953 63630
38659 17273 65340  3648 74713
83269 50550 10613 55851 11901
44920  2688 61559 89257 11092
72255 82022 96767 19356 65525
21010 66417  3331 41415 21029
52330 97693 89564 93929 75864
54394 59358 21290 63367    50
30318 34930 37940 47724 11693
21483 54674 32040 33088 67927
20969 78879 23303 50026  5222
33967 57905 65891 11536 68116
26951 73569 74695 16941 21827
15750 54562 44629 75784 40168
21383 87857 73963 92587  8974
 3806 56674 86073 15089  5815
23187 16401  3524 70322 36590
50758  4168 86016 53237 60449
23576 97483  3178 12953 74359
78751 65822 89919 36361 34054
45412  9041 21703 49137 85781
32128 15312 64787 67998 26384
80183 99157 85128 89846 41638
48283   433 77658 25642 76531
38762 68234 93288 90229  1320
87111 13941 26322 89997 77228
68107 79896 21651 85556 82459
93630 67094 51706 77577 96327
70346  3532 92046 35109 48358
69457 36876 86273 13198 94329
22885 97182 13712  6042 86787
13514  5579 11057  4553 49327
98655 68144 19822 40197 94170
88523  2797 32700 68384 43561
67014 36277 98391 94623 45632
50366 29918 13407 75743 87976
27245 25997 91733 32425   621
99590 75965 53959 42164 51189
74860 23693 30000 62475 81522
81377 28211 28910  2323 10048
49013 75123 73463 12889 83658
58703 96047 89109 27743 52479
93400 61768 94885 17248 48324
 3300 22567 51651 17292  2282
56807  9791 14371 91510 94742
 7051 22321 74384 36450 73531
56820 63448 94849 77665 53214
10177 79172 97528 40116 20506
22543  9300 77260 81782 99935
18255 70157 88215 44424 57876
 9229 78238 43876 98571 27054
30654 29022 92655 82961 25904
38528 92713 61788  7467 33656
10311  9534 88995  1756  9571
80895 22870 27267 34407 48082
79282 66882   266  4240 44948
71405 25691 70995 37940 74982
 7435 92895   242 88144 92167
33962 67269 86992 24863 86832
13195 84654  3707 40643  7714
89470 54318 53201  3631 49604
46594 39126 14117 23078 42746
35454 92649 35866  4794 63248
22363 99847 41358  7205 75579
95243 24232 53245 54356 26621
66302 80504  9854 72093 26120
57626 12567 96927 17939 91110
94767 70496 67849 62431 71809
88679 59182 73910 33176 28167
61069 69017 90161 31268 56751
97963 60751 64339 99207 82282
38085 11438 68999 32063 90079
93101 63741 91386   993 10816
89430 24868  4284  9543  3634
23867 56908 91609 15809 93107
49393 64249 78383 49059 59423
57288 97746 90627 14617 98535
24398  5228 77003 41332 85163
37658 31173  7444 96038 80381
24842 76253 61584 86695 33055
65439 68368 21725 36061 92402
32047 22041 28743 97852 84389
45730 18646 24611  2272 53083
73755 17879 12148 25027 22453
 5647 77313  5242 10451  3387
80056 18965 96152 47524 29808
30774 93821 51294 70397 24579
57786 43693 77578 69002 20966
 2820 45979  5739 65610 30665
98003 14591 91650 99637 84189
72515 23525 91373 63834 67291
84386 50558  4830 65590 24902
19453 32393 10401 52055 93797
36591 25613 92067 90940  7338
94081 42297 67070 74120 61207
12065 22432 25903 49834  9259
91836 84083 16997 76135 17221
93476 61996 22262 72015 30547
73192 23265 98959 42855 52307
68357 87126  7480 40908 50063
64449 33393 75145 56740 51768
51831 44103  5518 13130 49192
94925 11570 24054  5904 81117
36680 27106 38630 29533  9301
20945 93154 67627  3868 27668
36292 39205 96399 56550 19880
73858 66568 16698  2688 40927
65504 82956 88031 77541 31002
72617 21896 74630 33450 22058
76709 41714 94137 67792 16907
78567 66453  6539 68190 75693
20770 43062 59310 28731 18020
56795 90687 83424 71149 17419
56531 76060 21230 71875 10864
51946 25906 30998 26051  9381
17327 10929 22203 51704 90896
70188 31524  6798 33866 52443
68548 17168 13551 57588 86726
67405 64755 99195 45080 98086
63847 80694 86076 65820 48045
26816 80860 67844 76684 24269
54548 25125 33490 32836 49210
66315 51649 49573 67486 65130
71422 31049 25069 11141 42168
60362 95860 60271 17584 38422
29096 40786 64573 53172 96248
25105 50190 46594 68639 19173
66348 53337 60816 40828 78615
47583 71170 79650 77095 27250
42196 71728 28406 23880 88418
41381 57758 25372 10888 40405
29787 98619 46986 99487 71057
44459 54390 20272 35323 63409
72393 59174 80272 42875 59317
82371 23398 26780 15087 44273
63555 59411 43294 49853 89355
30823 38092 70571 72195 78520
47322 70834 22348 26676 24000
27790 56726 15045 37319 66429
36256 80627 64420 70932 82205
37694 62843 94680 15030 26124
36985 10386 52371 24493 69815
 9151 71180 70171 97518 68039
93749 23562 17041 47930 75947
 7540 61190 49988  9321 58812
67998 48658 62214 18128 94828
95247 29660 29018 45800 41035
21080  7818 39554 15691  1960
 6813  8409 68522 74712 58432
76838  1075 16541 29452 75748
99109 96538 52346 33598 99025
86124 41415 45348 54001  2862
66874  6458 35515 64962 24227
48416 72863 39633 83284 25118
14509 36751 66490 80194 44847
87416 67420 43164 94719 43918
97812 87518  8099 99367 17724
15304 39280  4287 96430 41974
66036 32064 55722 37370 72425
46690 95379 22056 69602 51430
45402 50491 45958  3696 74651
 3636  9147 35123 57048 67005
83864 14103 85352 93900 41364
86700 55679 98913 13155 31231
70518 46899 99621 62701 63470
 7203 80018 56985 21754 60878
54890 46299 59328 94070 30559
36722 62970 81931 86293 68815
21918 28611 23524 18982 73255
30730 81388 38464 47892  8547
92207 29183 10811 49010  8242
32387 74185 63807 49636 36241
22763 67608 90087 96685 47767
 6964 31777 61689 96914 89130
59071 57240 50465 45267 10738
53394 51437 38862 64788  2011
67760 25464 52007 25967 33154
57164 15363 40807 99934 32257
58347 79239 68588 80835 19104
76251 34241 90332 48989 72638
60402 34903 99270 30896 66808
53756 89077 77518 51383 46610
60166 65308 88500 30591  3639
17383 66952 43005 38376    69
75091 40102 44143 40498 72742
67483 53600 57073 42195  3102
19360 67046  8940 97094 26820
77267  9107 98573 91628 82914
38931 34290 64599  9392  9991
53443 30341 86725 25608 46335
14203 60103  6818 76782 24098
21175 59349 75731 57270 39819
36149 31430 78234 84415 59051
46760 67009 20959 32732 32999
  468 83329 53487 85986 82844
 4048  1135 11372 26041 67762
90123 39321 46789 68889 55966
96564 99636 64210 93770 30599
93269 50637 28550 14894 42557
24666 83408 63408 23392 36496
 2605  2132 92901 75939 93274
45815 31196 52087 34887 44817
32716 41142 39564 55261 93102
80540 48277 49235 27182 80606
81414 51122 47120 41808 96008
45012 12568 56201 71891 36244
25023 47655 88407 15814 10355
86019 19923 30205  6911 84723
21855 41627 75830 68457 90000
22421 65348 16362 75927 47246
26672 35548 56061 84710 61463
23612 95349 27980 67186 94654
19094 82073 54372 35026 31697
96302 52323 14986 41143 35870
23094 18737 62207 92505 57217
60550 33009  1641 88752 98876
96291 57962  8714 85761 71887
31913 10939 21111 82065  6974
63025 88773 92492 34573 85058
20328 50144 39454 17716 70272
65800 28685  8405 90290 82582
36898 23468 85772 22148  3988
58236 38127 56503 36573 39720
31624  4690 49629 25034 27954
95169  7755  6373 77789  7503
69020 51518   179 93699 76070
89459 40830  3512 32467 44881
21237 77111 17544 85312 72342
91684 16424 27531 86158 30649
90175 70533 43799 96730 52196
   15 34373 93034 52130 20323
39072 95500 94745  5266 50631
32857 42798 44980 94705 85466
49322  7494 56246  7320 16172
82266 14642 15140 45252 76894
81283 74348  2588 92121 17995
43337 45242  9110 90628 92814
52159 62211 13435  5599 89128
33869 57770 99292   711 91509
84420 45032 82593 70880 12404
28285 64761 37561 36293 27829
77415 26045 17072   981 70676
76679  7038 75803 78174 44903
54389 90446 30573 25005 27099
94461 22607 84909 21041 20161
57153  3945 45062 10389 84658
 8743 26934 51941 50080 73279
91587 23455 23815 29509 80655
18955 86950 45256 56036 19927
 7100 36548  5898 45950 36303
71643 23896 90489 84560 17291
62081 11795 65793 18065 92275
18400 44352 64267 88634 59337
73204 30688 72348 63406 86067
39673 44616 61039 28659 74980
10296 78930 45588 81763 94300
 5446 65776 88674 96260  2163
17408   717 61604 52051 43586
17577 60262 94650 85433 39997
47807 41054 67521 85954 83348
84344 28431 37833 93990 79659
91045 62744 91670 53982 93245
12361 62995 34417 53171 59738
28593  6578 43562 52276 13212
16600 83439 35795 14427 55780
99139 49765 89416 78750 53929
 2001 58564 68038 56329 31776
39390 36083 10637 72778  7141
52151 99558  3328 62246 77603
92091 33256 60692 36918 49289
81935  5577 37020 45935  8351
 9452  5154  1351 10138 25989
17409  3651 50139 88380 56594
34552 68360 98245 90852 14586
  947 64942 10383  6300  6741
70776 88306 38781 36062 16191
96618 87865 30687 69035 77305
80974 60094 24623 44371 72613
89225 61771 91305 78391 78958
38273 92727 57437  8555 59571
49694 93773 12164  7861 15354
34601 78574 88781 39511 74050
43559 69655 72294 14949 40039
71125 81025   882 19391 63100
87827 24728 78394 24114 94283
74478 47724  5892 66205 76319
35654   123 52103 88722 74201
75397 98457 82225 97683 98485
36401 64871 99788 80661 27483
70594 41203 76316 15951  1297
25188  4685 43618  6324 38356
 5810 76206 72816 69652 92025
79834 83795 26403 55338 89392
43661 53649  1535 84255 73562
12780 24522 80048 17664 28590
28364  6517 91785 37615 29696
46964 75834 84044 34258  2747
83324 73424 19043 74749 92334
43981 67682 76134 11434  5023
55558 48805  1323 54595 50045
24594  8219 76352 60176 84652
19812  4702 33459 10132 73546
48488 94331 53663 44981 27812
53900 45388  6555 99871 18847
14025 60327 60772 29145  6910
37152 26733 23621 21986 33278
58571  7437 54565 50235 18866
83813 88078 77098 49619 53962
68703 48297 33528 40554 47581
82535 91559 84858 52140 26549
91781 65341 62788 35174 11529
10673  6403  8738 90723 95209
38532 14255 99254 68141 54773
10425 32597 87032 85479 32957
 5797 26484 65098 73585 34079
93764 89148  3375 85125 35207
75182 67247 57470 79949 44997
 9773 21643 59369 27451 88656
67372 14900 51978 40900 79541
59947 13345   375 26947 97557
77332 77779 26998 95573 16718
93462 29660 21117 72728 57645
16540 52658 31620 32444 65863
56245 35822 36306 38205 75082
77897 42195 60350 71646  7038
96123  7371 98539 51398 39208
 8168 22416 38298  7175 41147
89358  4487 15007 32082 24552
 4965  3668 20174 46312 26372
61535 74029 53778 28915  4048
36571 37879 84228 85772 91791
23203 49012 42233 82873 61681
51311 36520 51370 58770 39938
67220 70574  9026 63591 76684
14937 68524 16204 14569 45930
56641 63918 32170 54487 77631
33529 97210  5324 38158 61870
15180 67193 50966 21593 77893
93314 41840 24259 36386  4438
34713 89660 54173 34067 90214
23867 60710 18102  2965 61545
34851 83808 16288 72415 72235
37374 94975 87182 35739 27776
 8077 48122 15815 55630 57623
61365 25413 82175 82608 13627
 8953 81215 14935 32168 61806
12959 12024 57082 14925  8358
31022 55142 93152 48421  6878
66634 66003 70381 57300 29592
82161  4419 23413 14486 91997
18867 65808 93816 38312 71541
52024  9512 62058 73982 88479
37007 98679 99137 53233 61734
 5786 41065 23099 97863 91195
91515 99042 86432 98203 69536
93583 62058 77691 52876 61795
 2734   986  6708 61055 50082
48349 58122 38621  3866 87737
76390 51638 41582 54920  6814
 5106 42439 24070  6875 81099
42425 80429 69172 59287 76346
  707 53544 49727 45990 14698
19536 37858 32183 46749 39043
23193 85145 39795 66179 64305
25304 55308 31005 14417 53192
93994 71265 51401  4818 11572
 7697 64911 47056 83883 22603
81465 54910 84650  7300 17091
12023 79953  7091 98780 90426
10549 25457 70155 80585  8045
19761 32449 94925 22375 46324
49474 94825 90843  3757 69487
12504 70621 49337 80106 15124
 5596 26078 48117 15575 37543
56745  7422 68990 33560 13132
37826 97688 82453 18237 19082
 9598 16162 50139 10548 45283
35437 95888 90930 50683 42015
19123 23850 72365 63044 73528
60586 64909 32454 41486 90361
63241 33711 23840 83799 94263
 6801 61193 49751 46303 95594
49794 74846 11318 25031 49139
33792 14937 19283 55880 52217
45261 91691  2284 24155 25321
88760 87733 95465 70893 72868
16333 91291 97523 48130 67730
 4575 73140 42431 62003 53579
 4000 16241 81840 50320 83873
22767 66796 76777 12845 21592
63890 46622 97916 28204 64743
88104 20393 91442 41483 41991
91830 86787 43780  5975 98646
23079 80166 63884  1069 24417
68232 85828 81799 25993 26831
35116 97941 28173 38847 88014
17500 41259 15634 51502 25470
31306 59585 41944 23425 75391
92278 56060 79739  1530 72311
96876 20829 98927 92972 98329
57686 80220 78879 18869 30059
32139 68687 59442 87466 86374
89399 79717 48218 80281 12668
79954 91528 15249 25334 61473
40566 86443 17721 93088 40832
44069 52784 77347 66065 25520
53634 15948 73989 20565 97387
21141 70697 77169 93768 98873
81693 96531 40835 23826 18083
92585 15709 32947 17369 53626
62271 22366 12541 47786 24880
37943  8401 53851 49878 41736
27681 76740 91713  3140 56295
30504 63339 85018 64734 56419
 8046 99804 42757 54679 11890
94386  3716 34781 78498 11679
38326 38771   840 54090 57970
91397 17753 51827 17137 67556
92782 82933 33202  8011 52102
76593 77563 39679 48610  9564
93074 92970 55977 17048 75698
57961 97827 66931 16681 14456
38400 97293 90137 79871 51074
46635 82499  2715 11013 52587
25744 29417  2383 95270 38643
89487  9526 43084 50402 56586
45792 39570 61229 89914 74124
 2545 77949 55526 36924 88279
31295 40455 51685  1931 61188
27195 39853 11215 69284 72716
24256 49777 35373 58904 87050
15384 88696 61223 17407 80259
95848 98885 16907 65119 43502
43476 52952 98571 63262 73083
46538 57489 76984 87750  2238
10300 75358 61860 61165 70128
58210 17720  5891 67507 66941
88224 32114 40749 46496  8885
59075 55940 85325 20348 34427
24429 71003 39187 70512 18043
31934  7446 12336 52823 25843
62783 36613 81851 99155  3647
97439  1327  7487 41416  2325
76347 47998 34506  6902 42531
22167 75815 62083 31453 63562
61020  7566 47201 12526 26832
72571 87828 98895 78830 46817
 1198 86338 94471 97900 52414
59575 27625 10898 14411 59350
78112 59375 50520 72447 37418
58593 36506 14157 11430 26457
17638 52852 80954  5755 89462
40787 69695 77792 71171 25084
82420  7063 82296 77112 44222
59667 14377 66338 89924 92048
14361 29502  9638 18621 35446
63421 13160 47984 79884 92108
23724 53407 82822 92968 36942
12326 36974 52869 23827 58199
68920 60192   549 54652 52900
24668 63974 45266 44039 24905
57777    74 26714 53077 89829
87977 72477 40061  2569 41038
71444 84532 42620 75735 26766
 4324 84129 51281 32034 95138
49444 37497 25642 66913 36724
14630 92640 62710 15854 31331
25828 49440 22069  9609  8863
24820 82592 56151 28839  1184
35429 83006 76972 55188 12544
52566 98531 91634 62900 33633
86161 98004 95499 56662 65474
 2179 63130 60050 49822  3962
68888 49680 92848 74782 83529
13570 99853 32979 95811 13223
63849 84694 44143 42276 62860
15726 95747 70737 20870 60203
58128 96355 94606 73603 62511
29494 36534 59280 13248 97756
96762 85112 35647 51339 38543
35709 98750 48213 83575 38741
34249 22616 11260  7356 27828
54825 36729 32823 48550 55017
24049 79694 18076 29485 43345
48737 31472 95952    21 87682
59650 30485 55761 18438  8955
 2961 71172 36977 77505 99127
80298 11211 55756 17377 17223
41107 45433 26248 23343 46926
98319 68475 84619 55452 28071
36707 95991 14634 78297 17411
88600 22445 82342 59958 31422
84451 12803 77835  2428 58090
49096 90694 72217 66089 51203
35511 41490 65056 84193 24985
69138  2205 41745 33052 83894
62091 29452 37899 97444 73452
74431 75826 91684 99929  6806
83280 98229 92192 10825  9046
99645 65835 11516 35194 78009
 8319 20846 16405 34443 32972
48288 71962  8498 75605 29127
94226 98864 48629 80162 60545
63851 46023  5026 15383 67179
66399 60759 90749 82739 98594
28199 36832 96662  8343 41998
64705 74766 71652 43346  2641
52944 24000 46372 34648 39864
 2493 89037 97180  5555 76943
67735  1865 19631 64364 85549
11897 14859 54263 81027  4031
70821 18331 41980 82260 41716
25292 31028 80930 86103  8002
45698 33845 96025 66038 37736
 4238 55665 56553 82092 90955
51124 83905 21794 10560 52431
70249 37507 34213 16124   324
98988 91896  9026  3233 37914
57774 78410 79080 76480 53133
 4237 74922 59898 86240 88412
72001 50370 19766 49842 70942
10205 14832  4242 30293 20000
37315 27236 47193 32800  7986
48384 89327 59819 74172 80754
17878 15628 16978  8612 82432
55726 66120 38407 95256 14462
10980 58459 65338 67221 27462
88453  3722 43855 63424 52444
82013 41027 10854 45556  3455
23985 99231  2872 17027 57367
24035 20310 70396 60730 13511
42444 26920 71966 21850 15972
27387 86770 62691 83096 94074
16447 15641 40891 49620 82431
16350 80950 77523 78407 12195
 9574 14342 92190 72980 21438
70321 27077 39637 56275 90132
 7266 75472 30890 34544 47435
51047 49683 77499 13940 70321
35176 84104 89863 62742 39997
 8186 77013 51050 83397 63786
87463 14555 52399 20816 10379
39507  7008 35766 19931 49190
16740 39558  9825 57761 63984
92848 49271 60705 55438 96736
96993 68738 90640 25283 57037
65171 13759 75005 86378 90728
53310 61911 74493  6125 52448
71245 40816 61060 51661 13960
81598 40578 66859 16581 73630
  668 60371 35038 93352  1485
41399 13851 91856 29979 14725
96809 45786 70142 24582 23122
22292 96953 16854 79090 87561
57194  5341 12010 54881  7207
21141 20694 75713 37392 77589
28155 46625 61283 77243 68852
98741 45400 43763  5538 45566
67422 64915 16638 16593 68027
20840 51595 10183 44191  7537
57584 49432 78177 34464 17626
44325 98934 36829 51451 14609
58585 92527 51618 90169 82546
53429 29412 65526 74073 59771
99138 18318 60082 85213 85322
20372 98792 90911 34465 85057
71402 14508 55017 37881 74611
15107 17023 93693 22315  6024
59448 70253 58682 53523 84995
70313 47765 18410  3645 97866
41658 43951 17048 99372 37848
25217 86168 34139 22274 31263
24978 43477 76324 53568 74450
26792 19429   202 55915 95748
 6484 56850  2905 43745  6132
62147 43954 14460 75165 79534
72052 62134 66834 96276 25300
59443 22154 98168  7776 87660
49758 53848 28684 12617 12657
22359 38016 71454 39630 72203
82220  4502 82721 17620 83116
 9810 86854 97591 30796 98723
31430 26609 56929 63383 62150
76259  5552 15053 16038 28425
45341 26438 85384 75553  5880
25826 18086  9501 26263 79405
 2124 76180 68958 76630 48364
36254 46825 67262 69756 86831
77674 96591 68182 93096 95990
89820  4969  6114 15508 24793
80047 82281 89633 47100 75415
50793  9690 45469 52488  6324
37418  1373 27662  3292 78200
12499 48064 25779 93319 38764
24006 36496 70948 71317 50792
33651 62461 69666 19517  8997
49275 72691 49676 41903 42425
14107 87215 80022 39918 62347
93789 13600 37528 31733 81120
40725 62496 59050 55250 82517
60084 76652 80745 51790 83175
52728 64186 35160 87849 12740
29031 69322 93831  7191 48984
91890 40564 39706 44823 34854
25617 78146 49449 60913 58887
41745 88476 74911 10840 74131
 5190  9367 42620 81304 41996
91171 84228  8238 94679 79143
  427 57353 68151 51918 49751
67429 12301  7866 68331  1672
65061 65005  9794 49694 86072
43610 41386 48564 43365 76807
98986 34310 53704 64008 27241
59183 95691 17507 36569 73153
10515 43701 45716 32716 19240
33543  7979 15309 64964 22129
74812 92237 26455 19331 85910
 1806 74407 91597 56041 49308
 9897 41082 18138 79567 90922
12403   311 17933 95519 79329
96943 43954 85678 16327 90078
64318 75553 50809 80186 84203
42170 25570 43509  5442 43699
74695 57292 88273 24992 96015
57068 25864 90423  8111 35040
86473 94640 82283 18331 66863
10974 56761 39310 61594 59708
78569 90405 58898 52675  5985
46074 79004 49355 69389 11641
97867 56066 76759 14744 34624
83961 36907 63731 61769 95065
61801 79312 42069 98661 15148
61105 89766 50439 87455 66575
 9356 91385 99110 28650 93437
15879 54600 54571  6356 78073
 9860 50504 11847 76051 46834
44916 40520 13627 21058 47862
15685  7973 18499  8881 80338
71952 78587 23471  5659 11666
99837 92540   904 51154 67557
17643 33561 87132 42442 27456
76175 82885 42992 39791 80075
36883 35266  6149 11425 97049
26706 31221  9458 48987 18006
82153 77852 65420 12881 12128
 2770 65961 73300 85320 13158
57767 41448 48398 59280 67262
56072 89018 73962 13973  9810
68530 82273 74777 52661 56790
99048 62067 23706  1241  3601
97800 59885 39323  8460 79925
47052 91242 52405 65274 70313
68804 70004 25404 57951 48413
55646 18209 45602 91338 69475
74039  8248  7837 81209 56756
56534 84272 95179 44096 96670
17140 64546 16133 23232 32965
22124 73549 41316  4347 89849
62530 61168 17237 41620 96610
42225 65348 69414 57987 43322
 3752  5931 12634 23770  9226
68179 51707 93861 40557 21520
43117 72723 64341 78292 97695
31507 37080  2700 35849 95094
20468 27490 22379 13855 86950
39490 76199 46756 83708 24614
59161 41920 26963 46475 76107
95863 52776 47737 15726 43881
49974  6752  8446 95349 35179
20834  9014 79719 40297 69765
74060 67483 96853 25001 65818
62848 35900 31246 75473 47193
84869 12294 12704 11138 89556
87761  4396 42989 39076 87283
65778 17989  8894 82429 95745
20445 16144 22838 53957 80924
79269 76323 45461  7884 66211
 2137 44659   892 42420 85174
10090 46934 40506 21395 24586
30958 51547 70946  4963  8721
  161 30018 10488  5466 23613
57078 34489 76295 22333 49056
29485 81634 84962 41484 34315
26942 74569 51550  2281 88151
98077 44812 28586 76768 53576
67976 48670 89828 71908 70272
26389 38687 96840 15726 87259
 7392  8783 73930 37869 51056
40855 36227 16129 15046 21943
83022 85398 84625 62988   831
53281 37478 78457 71469  1502
14638 10519 12876 94617  2421
 2575 67777 68187 22494 65643
52273 30623  5477 95181 50818
60843 66666 41708 30201 18949
51180 16943 35233 59985 30652
34273 73786 46142  1048 90255
50168 69180 65924 78243  5700
88363 54421 35385 69673 21185
77054 28443 97030   198 43711
44565 44768 76696 10211  2614
78234 18555 83794  6067 92301
56543 81964 88785 97390  3886
49141 43670  5103 12998 54742
57200 24374 12659 38969 45724
77683 19716 18052 36118 64787
23655  1483 70433 13273 64861
95721 68797 99263 41247 37452
69701  7019 49719 34645 77325
98186 25663 10452 35186 34678
 8174 16096 31623 47554 24247
 5338 60912 48628 32064 27186
 8233 88107 45976 77856 16241
  532 55885  4041 79667 43110
87143 79033 47462 43388 99285
18741 30871 91836  6968 89967
35673 80913 23475 62659 56319
76725 45469 61503 76236  2885
60835 74840 28151 64626 21496
38076 58526 41987 96119 92971
45418 15886 79666 24306 96552
22359 89691 58893 14300 79660
11462 67127 21657 50406 80180
26284 73425 46258 16441 57293
37653 34535 59908  7854 36096
66359 16332  4289 53288 22113
87977 92537 91857 24106 97892
13348 30478 91106 90463  6173
43371 90614 33249 40921 43118
23852 86262 64754 14978 20861
16345  4574 43506 64555 93043
54910 48635 34109 30229  1538
56128 66409 22995 44492 72340
 6556 53004 69465 92730 60549
19807 59978 66036 54514 85138
96855 56401 87894 63909 41122
75061 45790 47743 57627 47568
42117 10031 27355 54730  5846
40983 57753 29466 39993 66388
75320  2190  6201 57774 10415
41878 68864 13417 87280 60377
90714  8043 62797 85034  9862
61818 60144 10133 74945 13155
20032 72139 76093 16573 82067
17211 50904 74792 61915 15112
80996 90579 50712 15181 97697
31876 92147 66698  5334 60807
43197 71338 57977 64787 68490
90709 17092 21892   404 56650
85088 57709 86095 44697 99703
12993 87880 34939 92210 74467
79969 32492 15764 70792 13590
86216 19447 95224 76504 82695
27687 70770 47489 33252 74166
88814 78770 10352 75977 68432
90672 68771 63960 54087 88943
42613 15350 56638 67519 65144
98214 59060 93405 80787 71741
87888 98566 57164 10642 38196
37364 74948 64954 73735 12291
32811 40004 17470 17127 78298
86471 20237 95866 50032 75747
69218 81021  7146  2590 63579
92778 43335 76929 88927 55269
50318 14488 55090 16437 48610
85740 10725 84376 47499 59544
45085  7740 28689 13323 35092
 3012 27042 87320 52505 39549
16184  1780 21491 74051 88824
65761 35604 20200 74490 55080
 1479 47846 27049 82143 27911
90591 45639 27412 65597 34338
26230 86176 83931 39939 64816
80735 10934 35766 64179 51964
37825  3895 86312 14285 85964
97704 43613 10357  1865   478
68474 12095 88835 53288 49846
41226 53943 33274 57326 95756
  853 18770 83865 24117 97970
34097 84609 15622 63816 31564
12680 63655 78384 19393 71176
65821 70674 64846 65280 73629
81273 74287 46779 46454 37483
69085 90357 13153 46753  6509
17534 12521 97646 61068 84679
61714 99830 59833 25300 89242
16105 33469 17227 96416 51876
54568 84612 73228 84194 77242
92436 99980 58539 60747 90697
24281 25251 35091 52444 50757
53466 59355 10837 50838 72445
86935 79787 23702 47643 21008
97683 20173 36100 93703 17805
99075 11414 31827 94045 14206
36141 96894 19407  7294 96872
80464  9989 89376 23153 70377
 8805   643 19025  1667 73847
58882 13236 73701 62481 52908
91003 95155 99085 71776 40052
53354 81466 14153 99243 10058
38873 99607 83253 58652  3318
62166 81563 67895 23139 26792
98520 83174 45468 72023 47317
61745 10788  4648 54987 58177
70647 44132 74523 79083 18586
28896 31719 16900  5666 69098
88647 15767 11840 26638 42678
84638 14257 40775 28921 69756
51068 26601 70267 39317  1512
36999 52912 87237 87496 45304
45808 52111 71740 27823 88231
56926 64859  7406 68663 63572
55122 57840 35596 27985 16990
90910 46057  6351 11904 40044
11139 76404 55288 14051 45531
45431 77190 97316 34318 55263
40950 27504 40204 23930 62321
35755 15180 23771 86203 88297
 3647 10350 11825 61779 78286
58456 48030 16397 59001 88835
58331  5454 45476 97855  9227
80506 20078 59047 60126 32098
17803 99822  3486 24812 96584
23943 69839 18880 43142 45644
35075 55038 93047 30559 87335
27231  6896 64079 82000  8267
36729 52572 40972 46371 30573
51447 48703 44788 71199 78677
 2613 54904 11079 18161  6660
52625 51526 54776 24768 10775
18781 13124 38746 71231 72989
99844 77622  6016 21219 95269
35630 75258 73547 29647 65179
16140 97661 78085 14038 78628
97366 22917  8198 84454 47982
85684 78209 56835 21656 31402
34513 33085 65447 19233 92691
44698 80601 24869 69018 48716
63196 13132 40122 46662 63667
31146 19834  2521 68116 30516
89281 35028 14916  8739 23173
52479 98562 96707 77975 39236
32130 50170 70286 84046  8780
53869 62194 95856 15596 16760
21852 81885 29271  7377 52626
70773 16587 87247 15436 77192
66950 33529 16857  7981 77749
38642 49380 70702 90478 71693
89498 21825  3988 79173 20038
38986 26340 60968  1130 94711
96866 35115 94377 18384 20834
26109 20773 33865 52453 22335
13826     8 68207 96443 56486
10427 79994  5532 29674 40942
42340 43549 96606 93339 50580
69687 45493 42461 53483 88248
14089 43885  2397 29345  1374
70360 31441 65114 95906 73899
24091 20521 16882 98694 73393
32922 34178 44401 73627 48619
48923 99783 93829 61762 19433
39129  1429 64138 97759 29258
98307 44845 58457 79293 97472
31620 97039 47775 33635 84573
 8426 91432 45503 27629 45611
25871 13191  8752 64508 40717
32083 85899 46511 89681 74185
85896 14059 18804 91973 44554
32294 90075 16987 28722 46979
78363 43498 70047 60171  7861
54710 16896 87546 80855 67393
67762 86348 95357 13915 13711
81875 16490 78681 45544 50556
51919 71033 42933 94301 82108
65859 19984 24134 53456  2610
78470  7135 89307 32223  4156
46836 26196 63466 57923 10117
 4448 33189 46884 51492 99026
17950  6029 36070 18230  2634
29819 57217  9805  6827  9351
82722 82569 21131 35439 56614
17282 61950 10314 15593 64043
76203 60125 75151 66375 84659
 4118 93975 82274 95899 12829
82883  6750 86960 90007 75211
32718 52816 93813 17498 23556
70278 50564 11848 46096 71213
74003 45693  2577 70603 61919
11513 98828 25031 88221  1409
44935  5711 58050 19618 78843
36817 88985 83704 40767 33140
47213 18472 87353 96732 53313
68816 15893 19627 68171 63420
94586 46323 51553  4463 28090
21423 23806  3385 21068 34243
26222 19103 90715 37302 68121
32602 92366 74917 23499 24249
33426 37710 35044 11763 95822
29831 90339 76110  2892 63359
90628 16894 80036  4439 18638
91706 87469 22598 75019 78426
59756 93347 47121 31539 67056
29095 55184 18405 56945 53184
45061 82005 64618 88923 60047
31791 33586 96861 40869 97295
70138 48635 15170  1508 34738
88025 75609 13467 49244 65848
29565 95502  7615 95452 88252
88169 48473 50920 15242 84201
67835 80601 31443 63239 27270
40464 84121 84329 71271 11070
46705 27799 12902 19472 82427
46765 66928 41396 61844 32300
67441 56696 28770 71083 72025
15459 74402 77691 42387 31955
70302 33682 84737 85302 89232
56028 90830 81982 77014 41611
26158 25021 79011 81124  5309
  297 93262 83877 87743 41997
41947 88689 82065 16632 78289
58466 47274 36540 82106  5095
98244 53391 22563  6258 50755
61437 80433 82810 51538 54891
61084 63213  6893 89573 46370
 1905 44478 34109 82177 85061
18701 87346 67253 70152 79888
44784 24769 78646 33764 61744
47937  7374 77888 89719 45302
71261 12858 21554 99973 99620
76255  1721 29029 84055 46446
51166 99327 60905 30716 31111
59335 14260 57143 10978 21473
38302 42047 32961 21009 96157
52819  5475 39816 55897    94
17401 53241 68561 26929 61143
71849 32755 13355 43895 25296
38122 45433 97350 24375 42271
86683 21786 80124 89977 20848
66743 56241 83446 13950 44419
76730 23022 69454 43589 67176
80365 64950 45148 49015  9744
28069 81115  2772 97666  7598
12357 48076 13442 28587  8319
12936 85595 43346 90060 77305
49083 11781 54784 22052 68798
78487 63435 95439 94776 63927
24099 55922 94319 97452 37649
38113 49053 53942 76356 98536
49257 41071 66008    37 21537
85586 82118 94055 42545 11988
97584 36895 44436 33537   462
31356 46182 62083 34359 45870
11293 67476 43020 72049 53388
32472 87097 81676 72297 32662
67067 97748 25019 90841 36841
45397 15908 60439 19296 63795
87037 82841 41588 92504 25474
45435 70575 29722 61299 57507
13174 68859  8526 10639 53881
98203 92937 60659 93676 91671
87464 59977 99856 99374 20249
17283 44166 71554 98359 59593
90581 74684 45390 57578 80124
66805 53756 51227 73424 30264
19406 34634 36112 59494 60402
 5889  6898 69897 52425 51379
38421  4612  2515 89364 10104
38543  8542 40290 52383 57682
50264 79335 86044  2355 38971
50794 67869 97309 89050 70409
29356 90043 28134 86585 40791
40283 30990 48796 12957 36311
20572 56822 14333 54210 41717
 1726 56647 66976  6507 57768
98273 15311 64227 52637 98420
41259 66425  4764 37069 98877
42557 54996 97058  1450  6873
99819 45010  1044 92804 35215
95646 92421 83583 46793 72983
48048 97952 72914 74985 21900
80777 89779 21191 61179 58261
47030 22248 65932 98558 42363
84395 50384 92028 79045 35610
98103 53377 32277 80487 28647
29493 50293 80316 66341 18462
15787 31732 49170 27673 16512
58553 51001 31805 23909   864
89787 99885 23387 62988 92273
92630 70848 53751 17670  4687
56226 95173 21118 62603 26119
99690 80047  6204 16103 80167
94992 72090 44031 21544 93694
34021 69091  1250 41970 99748
 2930 77954 38093 22919   444
67072 63194 19565 24416 77884
20463 90737  4158 98884  2698
32103 64254 80290 43388 45489
41585 20008 24977 15060 72363
10555 58740 96770 92553 10769
16025 71831 67636  2680 79476
 9801 98646 18424 67691 43241
61285 50538 38120 95057 82756
13175 74175 88013 17555 56795
95259 35913 94450 44951 49708
47616 60715 47885 46064 42491
94780 75074 77168    14 56605
31342 76679  3317 42276 84395
42603 36144 15658 47235 48554
 4061 69980 68285 97505 76470
 3239 39206 97860 44936 65292
68018 51986 89350 93690 72685
15387 45332  7701  8257 34316
68029 40864 73341 23211  1770
  316 92241  3708  9513 73813
 6535 40253 14860 21723 87044
57650 93820 65474 65916 47176
47620 33679 69182 48390  6335
47742 58823 33629 64144 57275
41738 52612 68222 99189 11296
35533 65287 80638 56699 83628
 9179 63787 59086 62412 66961
 5349 53274 62589 54318 75206
41919 73707 84603 70443 45249
12829 46333 26750 25103 98867
34019 16009 22078 96429 68894
10862 32497 27479   406 84410
 9776 92971 58729 55258 60184
56239 36711 24694 51924 49810
16449 70434 90863 84542 12685
59142 18641 37294 85342 52852
38205 84918 43260 38370 40066
33390 96616 98352 62848 19621
 2486 43646 16487 52634 61272
80915 21177 96433 36143 78310
 3985 96198 76577 66641 58297
97936 47368 62569 34919 53311
33537  8193 37678 54135 19745
23413 17593 27887 17363 39614
49062 45957 76142 14470 68762
61652 23203 67025 66517 74078
 3067 61403 32205 55708  2244
46139 53862 91025 49616  5639
75099 54722 95158 72066 44379
44515 49883 94364 62402 89990
41997 86323 15055  1431 17866
65895 30895 61439 29211 91407
89540 47533 41988 32773 40982
13599 67230 27018  4665  4341
34759 91748 23190 25395 21204
58508 58214 35274  4665 15715
88360  8029 25282 62202 21651
 2189 73483 21959 55533 73464
82738 35360 43149 64125 93322
31167 65645 44204 14333 10518
22691  9361 66529 71667 17949
53854  5332 20831 35658 21126
96359 75737 27952 34276 57668
66474 39019 34731 46520 50426
43668 49774 80631 29500 83108
81345 82843 79446 20862 90787
22780 33350 72430 10677  8433
53195 95307 79526 11760 81140
49610 36605 76710 14763  2927
97867 44107 87561 61183 33368
 1027  1530 17330 94983 74204
59486 39436 32242 64506 33241
23031 16144 93472 25772 55188
35769 21698 34098 99619 99307
32009 28048 89488 77009 60138
62134 32094 31602 16718 13971
46044 76965 25085 97874  4449
68048 84923 71452 12968 54384
16466 72500 79025 25279 15751
94514 72686 41432 31713 38706
22167 48338 99863 75051 32602
19615 35714  7261 29651 49916
72327 74569 85073 12516 95556
52939 17798 40408 48110 95806
19847  3134 99894  1096 11289
75860 67055 37179 11226  5079
48526 25452 36029 83432 71905
19015 94725 34034 83332 58560
25892 41488 26098 68584 33891
32920  1115 95549 59564  5784
53073 66734 57657 54770 81789
78572 93390 41131 19902 17979
79977 18197 68044 28755 52747
13816 29945 11837 45130 69043
 2285 95248 68109 38414  2556
94084 86152 25715 89953 56974
45506 35141 21679  1429 68695
66627 78598 39458 56854 81241
36809 51835 10921 88685 62020
 2140 41548 88824  3744  6396
16512 87990 31376  9699 76243
56333 96162 43889 34272 70926
10683 98820 73300 36573 79506
41160    35 68504 98867 46815
62228 19483 40681 75542 51117
54607 54161 61642 43953  9581
14597 13884 23423 63277 62230
56279 30730 28115 64564 26078
90559 10801  1375 61592   889
26356 40131  5750 38964 58035
41720 12160 52482 86130 26570
59881 32117 20234 17421 42798
96963 29213 75279 47631 33609
63158 10858  2375 36074 65764
78045 11349 13925 47374 98679
16651 33160 56510  2087 68844
86535 71454 97014 14153 91692
96021 65254 66246 69415 31925
61126 92676 59988 61327 84387
75128 60208   513 12131 57026
32212 74711 32450 67472 59695
73606 24356 42888 71184 13120
 7576 95520  1799 37718 44771
82874 11134 70107 86694 86346
36664 95018 37037 70837 37796
 7622   738 11882 13913 75442
96116 39871 55042 91769  6550
94403 59934 47731 28454 34015
84693 67767 11723 93900 96636
96871 30544 34198 70073  5778
48820 43058 98636 96486 43708
66474 56901 35496 22937 51193
74238 33351 32830 73929 83353
10158 50276 79862 26089 68811
89057  4743  6020 47766 57571
76634 31698 84814 89570 26720
46841 16599 13350 12364 24764
77279 45729 77966 72948 41681
23075 48452 51197 64526 33606
83525 28037 57036 98646 11866
10078 98811 60675 35823 84637
31155 77022 96927 21459  8404
44098 78073 95286 85493 15166
27077  7602  3048 57319 81218
72666 62050 40494 51228 91325
95182 42685 16091 43259 93212
97539 43592 11249 87644 73998
26820 54403 82697 86744 39060
56820 70492 10643 84137 54745
21528  6047 77813 19100 86838
35816 78020 89924 80477 10247
91346 76652 41247 63518    96
58688  7273 17280 65121 31919
 8477  5480 93791 86600 95200
12449 72805 53382 34296 47711
97202 62659 95814 39034 98448
93246 84310 10036 19823  9832
88493  4866 71794 51488 49631
11679 91262 93267 79147 91099
39462 17669 27295 22708 67143
75481 28234 71694 21713 66202
28418 91141 67969 72736 50909
54824 53886 11671 27690 15047
30008 44671 21168 94270 33348
80251 24985 62654 75925 52375
54120 68299 74277 47351 59038
 8785 23738 40208 43388 58874
27302 91735 48462 57861 17303
62836 32357 85814 14706 74030
71663 24563 42347 69076 17308
19894 98091 79449 87307 92842
40112 56556 48176 57990 18287
37909 13025 67835 38865 88144
62625  7919 34888 47837 94523
75642 36642  3912 26593 98110
81906 94597 25946 87105 75443
15910 26622 91241  6655 80146
  625 60906 57408 76698 89209
79853 40703 68480 56208 12798
36894 44104 66809 67680 51110
46674 24376 51680 60990 97095
45215 70683  3962 88983 18972
38388  3040 44117 64220 86435
43761 40585 16730 23423 21131
82736  3220 17835 95603 21828
67347 24692 88317 73786 83987
79679 16795 91554 55062 78005
85168  6171 56904 44365 26742
28371 55382 81856 78970 88691
19824 80374 18793  3194 36855
39215 23626 16538 37372 35208
70787 19431 42703 45979 55020
 9685 62183 41600 48526 92894
71556 40585 42807 24197 77707
21922 46869 99810 86698 71579
57750 83800 23855 23440 72366
90411 70818 10718  8281 70182
70672 76049 87420 90461 10401
  165 96456 67301 41340 26602
34000 41725 47065 94282 96943
48143 50309 16947 15619 11411
50575 12946 65753 26793 23897
35737 74271 44310 99792 15218
  985 56135 89399 46875 80427
90784 46856 17602 91190 15779
15557 68505 62924 30105 15376
84921 61521 70358 26271 17506
75139 41397 17213 64802   754
 2010 21149 90304 72800 12235
65995 37323 16003 43270 45371
65827 45201 77046 20689 37380
58178 84204 42048  3053 91904
15813 78468 56447 17439 33148
89331 26609 74422 92448 25389
 4293 31704 71378 95677  3555
81105 63439  5641 98901   949
51012 23209 46815 14751 85149
87522 95809  4293  9189 24521
38884 33126 23806 92186 45306
16727 10826 38092 11812 15175
22859   792  7961  8431 75360
79698 54960 89967  2441 12633
69152 80326 82984 36033 81650
79239  8429 63918 89713 54698
 5709  5143 24842 18958 19722
68701  1981 50458 42227 92705
52264 93842 63627  6350 24351
83286  6374 73657 15979 58099
80124 29504 12678 45638 37255
26660 26705 56251 67001 98701
 4079 81356 38043 82139 76248
96674 54291 86472 56701 87993
 9840 92483  1954 43501 40658
13270 60071 78560 70873 46264
50154 73770 62262 57634 36893
45975  1708 50260 23091 63011
 5378  5004 93591   922 49861
60147 19262 37696 59566 67438
65825 11215 28705 65865 86735
95070 89497 71403 26399 20493
59981 34006 49497 11953 35134
40103 24743 94135 35199 63596
81741 79278 80338 84351 11529
95158 65055 44650 13837 50557
80317 65347 36300 27687 24022
 6239 17903 46366 37801 89720
39550 15774 97556 21792 28264
28704 94074   830 13536 92335
90673 32401 26268 73195 83034
69148 31698 17274 26950 40639
96299 18118 64817 17130 51176
58450 19379 69815 18098 69763
65584 48349 62249 59565 28626
49200 12944 93424 56935 46816
63904 68274 69945 25659 14279
29150 87674 70441 75304 66470
28812 15528 62218 97897 33364
 6146 70358 86044 27488 20978
 7939 87998 46164 53709 57194
55789 47920 88876 64922 55460
39632 21732 20251 98141 16291
 1164 57981 45047 68921 19754
71823  3579 35107 79957 20692
22027 91912 62815 72540 53685
71702 66771 19100 41801 25246
85954 77096 34003 33506 49326
75454  6959  5472 27881 47525
48083 79468 58173 63680 76986
96295  9737 17060 49388 97021
78595 81105 20369 59834 53138
49695 56545 74615 49328 63630
83377  6654 39214 41153 16320
42413 44085 63171 43947 46607
97865 96940 82065 57653 16852
 4380 44198 87647 12221 23792
73681 99344  6479 29516 60733
 2461 36356 96239 66626  2496
91265 25599 90221 92633 25504
96586 97584 56473 83433 95292
70569 26314 68607 31352 68022
 2732 87537 40703 87572 20003
85431 34511 75494 73628   426
59020 58883 98105  7915 85165
68645 73423 30414 84997 44141
38655 98921 74657 40875 28797
 6461 87199 27988 91043 94894
82533 18672 24692 55589 27080
96836 88162 68026 69460 20629
44118 79495 13835 78945 27079
33993 80351 41214 35305 52164
78920 64885 19502 10921 36695
57297 37539 30925 29478  4831
 8129 95677 26156  8513 93016
78401  1100  2079 72173 37657
85800 84828 31532 22676 76188
39694 35717 65745 54480 20533
22332 27258 55174 32158 46418
85840 32911 94026  2490 26737
23973 89933 90079 60949 76964
10781 26542  9955 40162 63254
89182 55741 43075 41136 81898
39807 40423 47092 88650 24076
81562 36654 63967 54058  2276
61484 75495 20471 97460 81944
62950 52048 42243 69214 74233
58321 43397 99058 23850 99631
50645 29324 32200 35307 58964
 3304 85277 11203 34529 79509
53288 44456  2322 97716 76064
74979 80576 71019 72900  2325
55948 93870 38663 66420 21859
35502 61328 95577  5561 37891
17705 48071 54115 61473 89070
23519 28870  5218 37162 96406
33140 53149 69600 20983 92989
44000 34052 93654 86531 94897
73748 90417 69320 13360 83210
88855 71981 30081 16369 69323
59802 92521 70066  9243 56114
89084 40022 75198 67181 45551
33007  1889  1516 58611  9954
51707  3865 94029 22432 26158
72346 23417 71282 67966 95982
57880 51586 22432 63953 94635
58968 75442 53251 98250 20372
67039 71107 19370 28638 39489
31880 97048 86398 53868 12876
62321  9960  2059 66480 88810
32072 84384 82540 36373  3704
67912 98037 66624 63928 54516
73127 83513 61584 41052 17697
94333 47171 85050 19795 15094
93085 45207 97881 64838 82137
65631 95025 76701 33304 18595
87460 87065 12779 64018 42521
68244 82563 68013 96702 85466
19708 71311 24904 89180 32980
19057 78872 80380 46926 57741
54876 67504 38794 46405 83601
52116 24646 21344  7477 95701
69931 81283 19806 29266 57165
 4063 13430 68192 50199 73585
13911 46649 95551 97885 12813
19923 90602 24053 71197 62406
87446 33469  2729 96956 44662
98777 21540 25240  9413 37215
38046  3836  8121 21938   480
46069 95211 23745 22785  4712
57639 64569 30797 72453 89794
86638 63813  8389 43566  6046
53540 19005 43232 61495 46921
96698 83254 98370 67232 13974
92224 56138  9637 77729 49762
56499   295 61537  8607 75963
96981 12725  3415 51714 10056
69007 55817 62051 33295 55438
 6347 19231 83846 11085 35392
66652 82227 34476 34802 39547
44873 80992 40907 32460 53004
99774 29361 74111 48182 39702
70600 82220 56886  4307 29822
11051 98655 47491 37743 40715
78564 33596 83854 55369 24429
92848 12355 63083 91332 94700
69984 87641 40788 42430 81228
94154 17828 34792 78541 18369
17811 77172 96325 37702 48512
40262 39886 60982 96307 85233
32396 25504  6690  3482 70235
90970  2942 95092 57572 38355
26956 22894 60024  5714 81980
70625 66693 58828 91961 10914
95261 95307 37539 11034 52379
 3639 63252 62080 65283 17398
34805 29838  8810 81485 38066
39348 90328 46233 40637 60683
85585 21617 76600 18677 65630
25034  7636  3452 30272 74676
12961 66661 10178 39671 19706
19929 40644  9481 29487 48036
18860 40867  4875 33880 22484
17677 71933 82745 33159  2385
 8559 29344 20912 61154 86181
13563 87450 18060 80122  6326
23054 97611 29854 86346 79653
15894 12492 83031 30592 48580
31186 94701 27111 78804 10103
33688 29431 29191 18826 91083
76037 10959 70520 48382 29989
94919 73992 48411 55853 70121
20518   618 28926 67418 90622
18973 79868  4360  2184 36745
70381 62798 13547 27030 51848
35794 76295 14084 31260  6978
96920 41977 48593 98578 35918
87913 87721 70496 27406 64639
17169 11575 13535  7287 96266
20706 40232 75537 78676 65929
25367 43291 54313 20881 77271
80943 59193  3217 43437 82565
71619 48165 91015 45806 60343
97344 44640 63719 58670 46105
88351 33066 74955 40595 10992
35185 15113 81771  2752 98370
76986 93002 62314  1787 20287
93645 45384 65822 18208 25745
46254 13038 52965 73260 15410
25720 34262 94563 12190 60311
70893 86916 86963 84648 81478
80442   249 15074 60360 50900
72498 70585 17654 16864 85311
30699 53503 60436  3148 94346
60455 71694 19019 79441 69791
42792 75946 25430 68533 44229
86841 76527 25541 93285 96671
57179 45640 49433 68295 74345
86363 76702  6385 52840  1859
84736 85628 85944 15715 64774
57226 10820  8459 12681 86725
41187 82849 41591 35460 21581
37622  1179 31342 36189 85477
25469 37191 30073  4354 84714
50578 92399 96478 17237 59839
10766  7551 41079 56344 21476
87078 36862 31132 49102 49118
15429  6132 61377 86854  1563
40771 33392 45717 38777 70262
46185 73633 55050 96602 90237
30822  8179 94742  9668 65893
39211  3422 42200 40391 46431
 7035 12354 27561 74151 76426
21328  4307 51215 97657 81121
48612 95633 98921 78461  7899
25024  6462 25501 30893 30542
55294 87638 39446 33254 39228
 5789 74941 93643 15872 75964
64861 30840 98931 46889 49624
35813 27056 96119 22425 89879
23484 16735 81797 20434 46286
42410 57842 65550 78644 85706
33063 96798 59521 67333  4590
14397 45377 83418 98856 84262
49529 79211 62127 17765 94853
 6143 27689 22808 93926 25904
31938  5265 38550  6211 15475
99506 39302 62852 81147 23501
96068 68531  4758 97506  9852
91945 34134 23561 62144 35200
13111 92742 95161 93954 84059
75228 16652 48706 32634 47686
69987 20611 67147 60130 37921
93554 50763 79785 75426 46823
89303 79798 91767 57650 57596
42637   140 41399 20408 51206
 7465 93339 57739 80835 22210
92286 66052 37892   546 29965
91965 59055 84130 22567 21293
64342 10781 31897 53960 23052
 7486 61945 87697 92944 86251
70025 94371 93986  2661 81826
81949 94226 11079 18837 97307
85450 90211 73329 65165 22222
41391 80728 46682 82594 83446
87138 68398 44122 86057 53990
52033 67931 68283 96707 74694
63587 44183 29644 89238 26624
83844 38470  2274 36763 65000
89657 67759 25512 23359 42297
63232 50103 55005 18283 78634
 9738 33960 10695 79890 94199
65543 47287 51487  3639 91256
46786 68420 92265 47321  1978
46671  8629 97452 54398 88707
62570 58850 28337 17199 94591
57984  2647 36180 47289 65157
65434 98211 50623 40736  6724
44110 33749 69537 74760 54046
70919 70773 44218 74974 29118
65800  4511 69810 54641 53954
22641 54337 77778 41083 95813
92012 95787 73881 90758 22104
24930 50646 70157 69908 70745
61629  2149 31969 21523 10557
93231 47826 36180 18920 26256
52100 17066 57483 24827 38786
96774 70032 46038 51360 22512
34780 41890 68447 86118 98780
79057 22293 13447 55543 68142
38119 13899 76101 11774 48915
48451 90571 50390 64811 22198
98384 69570 23378 79738 14558
66084 71169 79783 69235 48010
88370 31164 18392 79859 19268
82833 83371 78552 74328 88624
68335 43099 21440 13876 36829
 9408 57789 65030 42670 13386
 7556 78094  8112 15869 37092
 8372 27388 19618 75389 17769
 5698 88671 17427 17687 39603
78449 47146 75567 85807 77461
81389 70660 86139 75724 83203
26019 13474 94039  5223 46162
37447 35873 57336 72750 42958
83918 28880 79995 63962 56471
 2940 70218 46570  6141  9625
98583 38555 70973 39245 56563
35576 30113 58123 19182 78175
81223 92191  2866 63712 98249
77420 55715 64489  1966 53901
 6937 52137 77204 63487  1006
73813 36983 52092 77850 27925
71691 28736 61265 33910 73158
14194 18059 94164 88494 78921
28806 85956 72628 16628 68881
32841 72076 75810 29939 11943
 2518 99771 29468 71502 31347
90045 13282  4254 64061 71181
55638 85963 45256 21166 65246
64098  4061 72007 49354 53290
28625 76108 57885 96456 26200
71102 79097 48123 17395  1950
43152 79892 22968 55100  4484
37368  4608 96082  9112 77484
19421 50206  9868 94598 70954
74560 28627 17439 62003 81904
66468 58433 61262 85397  2789
88386 27107 67728 52212  2453
95220 29336 90678 50355 54574
19206 48491 42111 62483 18570
39530 97335 38104 12524 60123
77550 98321  1797 44866 25784
95103 56096  4801 37927 35346
81053 21536 26900 58115 97881
16370 58928 30305 67416 54333
90042 61267 46567 22092 98040
73489 28655  9298 40346 25601
21133  2695  8594 49526 49741
71337 10776 46920 25032 39620
94355 75618 97628 47073 27368
69027 53627 76627  1142 81637
38175 96598 50752 22123 41014
31486 89001 54479 18789 18213
67115 15277 70987 31347 40243
33478 87805 67095 77950 61807
37311 71918  9405 38228 50274
80484 79084 98411 96562 82699
55196 71070 59373 71423 52649
 5712 82864 91944 64073 13428
55196 53722 53010 63118 41490
22598 60933 29766   126 83119
53576 20175 26880 55454 65456
45727 75131 70647 80656 43976
94093 24725 71897 26541 42626
83375 95643 90147 32606 93171
91094 19352 10093 46167 12399
37361 24201 46320 79490 71622
19309 94800 34094 47103 95970
60238 68006 53140 67903 18509
93607 68460 62527  1289  4587
46469 63060 27637 61394 23928
41956 24053 74746 52121 73044
35359 83901 50753 87697 76633
36781 27914 75328 96938 62513
81912 16563 88433 96703  9805
60515 46061 52318 23154 85531
59316 19564   288 13850 86344
86060 92861 75399 33315 87173
68071 82678 59829 69878 47306
58805 98502 98217 65756 44808
66438 31379 30701 54069 27497
93284 14608 38026 79717 30405
43995 91350 37739 10985 70913
82818 51769 78013 83303 41943
87145 33778  2393 80612 30284
 6903 33736 11221  3037 92807
87491 65783 86799 10098 40304
10027 62018 28113 44149 19082
89880 49088 35166 51103 32426
33032 64749 41824 20899 72449
31197 99044 59142 19242 81919
96648 12886 97606 86154 97495
89480 66833 53070 51238 76815
78190 67309 22599 54244  4887
98955 92206   684 52097 62974
21323 25719 95357   353 99892
17212 11675  6233 50300 96388
36693 57158 61748 72637 39531
99479 71643   779 19480 53069
13508 15547 32623 85486 99402
86152 56314 77973 41334 85589
69484 43042 59960 58410  2428
97062 83744 67624 24161 82321
35860 91163 92252 64377 76679
17729  3834  6116 37782 30944
58953 96587 32077 28508 61070
93815  5955  1844 13463 75023
50276 36652 51638 21929 73022
62850 23197 39064 91778 47368
25022 86149 79118  6498 32145
13965 42136  9447 12433 98096
13490 74822 35546 59815  7188
39092 16571 82195 64599 75901
99871 17408 55241 51932 95326
81172 85084 35969 13605  8262
34425   708 16275 76309 87184
93866 70081  3400 95513 74076
44446 56549 50698  3040 82825
41275 66415 66041  2547 59518
37316  4097 82145 98885    37
59532 97973 90748 84801 94876
 2720 20836 91391 31774 58611
 7409 22328 99482 21296 47399
16224 99544 33243 69476 68861
75458 98026 16623 54291 48829
95241 69458 83667 26649 93769
57551 20021 78782 31383 55797
12552 30330 73196 72291 60418
23300 87690   540 84660 73585
95047 93364 65686 98478 10521
94738  6499 23195  8365 34135
64522 96323 98530 47528 49658
81996 75691 22194 56220  6532
64406 93044 99833 43278 30399
20214 74042 20640 51299 64888
97789 88753   965  2586 77134
44600 34093 52392  5813 56162
91781 18849 68386 20644 80474
91425 94771 11734 77732 26077
21920 18009 13282  1651 10434
93473 84206 27563 39878 85904
65706 33116 63277 48759 47745
33091  7888 27605 40786  7385
15660 97367 45128 59798 88524
48757 57287 45216 95528  9371
60454 99876 99071 34720 17611
40880 26091 50766 62829  9972
   87 27875 99796 24700 95902
92178  4149 98293 47070 19808
97629 90028 14132 51188 79613
83712 98406  9036 38010 20615
57756 10436 46230 46628 84293
39488  1762 74478 81652 38680
34316 54448 74582 27661 25994
17461 83130 55987 30377 45105
64274 42290 91849 46164 30604
75512 27449 69099 57202  4144
79975 41419 42725 70088 29838
44888 33272 71938 45089 46239
  480 22081 19818 41086 52598
54941 90231 81069 30412 71071
86595 39421 58908  1013 32155
48083 36517 70784 71669 79617
56877 95842 87394 36940 20569
91609 70457 58767 87583 14658
86178 93629  8062 25289  7694
98625 20110 80547 73477 77420
 2191 48897  2539 12447 41232
56821 19775 62880 22091 20761
54435 47701 76800 30055 94114
41246 66924  9007 61904 70201
15251 30318 37599 28343 85773
46399 84740  5122  9641 86852
43398 54636 51898 41165  8898
96689 97055 80930 18675 31491
47822 79855 26876 68769 83019
22105 26131 71008 23963 96491
25228 63026 34631 11190 15256
21087 29921 87011 62065 32264
13757 26304 41257 81563 61922
12958 74400 84176 28248 63322
17948 69486 31290 28303 26861
18428 63298 22526  2965 43349
78902 17133 12920 95576 84042
35631 47091 74882 13562 86945
67475  2498 22343 72442 74026
87182 47379 11119 92506 14571
90123 96824 13310 13003 91366
49044 63369 46130 91979 79643
49956 80974 78810 86503 13985
93555 46637 88751 35825 45098
90998 93893  5262 25486 82176
78298 30025 72409 59314 61844
26845 26152 84107 77126 46434
38655   617 24233  1493 81158
69735 81730 97469 45603 57350
86353 41087 44711 14190 31486
58559 11193 97831 79451 54210
51052 49938 22902 57143 77313
 3746 59743 23469 80585 42004
14551 35922 31128 66678 34103
11776 46028 91166 69249 87113
60427 55538 15540 19302 75379
88361 18248 40306 81987 11993
38602 72876 99900 15034 83041
53367 57593 63941 11528 28639
25210 99618 46246 79775 96707
73118 33955 92423 41727 39078
38265 13059 18282 66274 77304
67427 48953 85749 31033 61363
99881  4757 71085 39107 61621
73200 45583 86548 54123 74148
90027 54630 92766 51650 48545
59232 99792 30649 75039 40201
63054 14999 11629 36357 51064
15500 98305 46451 36702 43898
38295 20056 57081 75922 40809
97690 90933 61390  2556 16011
66434 52431 81255 25102  9489
46340 24380 54555 82703 30187
95447 58306 42344 85992 81001
12156 67861 74073 11878 55202
31851 25498 67390 73668 59891
26450 68515 45183 25001  8863
97144 54332 10952  6968 95950
97212 43900 66806 42473 80295
 6781 68991 39835 40098 76699
54734 57142 82172 22978 96300
63300 82250 25945 31437  4225
40598  2713 77264   833 68455
55216 30551 32176 82608 21476
88461  2147  2663 77367 78520
51150 85706 26005 60257 98258
39616 54499 78544 17539 31998
93289 67835 64687 40245 24091
70552 21869 71455 95628 32979
87441 78799 13278 55491 42520
49669 77279 61994 75182 54532
 7793 49654 97722  8716 88850
20495 41282 75474 16785  1579
61562 67834 42794 33040 94866
47045  3153 25830 85712 24900
27213 60047 10021 18169  7595
86794 79272 92693 71605 83913
16816 87558 18462 68415 56515
37631 53480 87234  6996 66242
73438 96718 90598  7641 39687
38239 97758 63013 58578  8323
77192 74586 70842 16948  6441
86124 20277 51893 69691 62039
16317 48158  9051 26113 97127
83906 21030  4820 77797 75932
38956    34 96444 26733 21414
49406 80866 62452 91010 97442
26204 14038 91404 64972 10966
25384 34579 74342 87801 22020
59399 98592   839 60519 99637
77339 74201  9066 25078 78771
70248 91745 46406 56313 27225
55993  2330 81822  1057 99194
19664 34644 73770 43705   375
67310 18117  2812 61648 64795
 3703 58894 48931 16578 54195
71031 31067 53082 84149 85194
29030 73191 50828 78769 83460
25441 37350 71683 24210 73956
57650 51910 42544 86307 20719
41909 45127 23167 60150 12734
42988  6163 12526 37707  8658
17817 54904 47761 11960 73720
99242 84584 55844 97396 32195
42606 49748 82565 13637 49523
67722 40399 81429 40333 36042
34678  2482 64135 52118  1281
70608  2401 52886 31033 76577
46315 71718 40709 22339 40710
55822 15564  4836 11794 50913
89789  3059 18956 72908 93817
18474 32497 87623 85199 27466
39571 40062 75095 30393 26292
26971 37795 46174 22627 27121
73965 38438 26677 14747 30791
83723 77097  2429 53384 11399
96441 69080 16414 77797  1144
 6921 37016 83093 85393 58236
57034 50399  3705 11196 81785
89799 46519  7024 41703 17496
65506 55420 10853 22197 17521
99463 14509 10364 19670 81248
59418 14765 11837 16673 15369
95770 97309  5157 53636   827
76467 54025 35442 46899 49381
62690 13101 47371  5562 41625
81834 64037 10603 77493 68485
46889 58436 43207 15206 91662
12106 83496 82250 39804 32354
77948  2599 79517 25483 88851
45818  2945 55234 77758 23008
87245 97502 22093 75354 37445
29377 39348 43369 29307 10219
18999 21701 20347 83464 15645
17313 53439 20715 42359 61731
47901  5660  7146 78213 72989
34995 21322 32593 97904 55155
75661 12642 37979 40748 68200
83100 43224 80573 79625 92552
68715 42049 99734 42933 41985
58895 76707 39729 69032 54018
78147 28478  2515  8790   239
60304 48186 62953 17105 20247
44406 59535 63563 88012 55669
82859 62775 91969 63282 67689
13338   419 80665 94668 92912
39647 66227 27173 22512 35238
72679 76325 63123 64479 32957
46412 22195 42468 53744 78522
99684  1228 80034 10599 21090
48274 96112 17662 11412 83031
52375 10646 37294 61527 82054
20678 86168 12344 13160 24559
65340 49570 29293 48364 33917
80278 90710 52682  1288 96709
27288 25085 66430 14838  5513
83750 66372 37737  5045 96241
95431 92494 91211 81280 57152
62696 86481 79838 60210  5224
54695 56263 67992 94482 58110
30614  9978 36323 33006 97479
70130 38103 92858 83461 20655
44724 21597 97952 84619 43426
72918 98437  1911 97196 33510
97647  4799  1670 68097 33887
21555 92979 98587 63290 98557
52882 47463 97328 11380 60742
71195 67437 34048  3760 33819
61893 49206 28510 15569  2044
63940 56629  9508 17729   784
69452 34962 79644 68123 84198
65788 20190 51524 90924 98838
27028 83603 32964 38954 21735
75302 18858 45042 81348 89832
29326 97321 53172 56323  8306
56744 75481 11367 78018 32346
76000 71287 33671 57074   775
44574 93309 18212 93781 10054
33369 44031 81391 78591 14175
 6189 73866 56742 60224 70565
56720 88919 94766 13320    81
24091 45659 69696  3165 55777
40937  9344 60552 41254 62925
73408 36948 46600 54370  9822
43768 67695 82554 99582 41833
 6134 54956 33920  5698 71582
44149 85164 95240 23449  3769
10684 31673  3225 58330 19424
72390 49019 98954 95747 71429
 3756 67147 72200 78503 18577
70640   467 98190 52180 52405
83807 76788 25813 44305 78891
96372 54258  6924 87933 58916
71432 21967 13230 22469 51677
60148  4837 57984 53745  9633
85315 67661 61891 15603 89877
70457 72418 80734 32771 78642
 2446 12245 17026 89638 42051
97204 16799 45726 43600 86952
 2633 31685 18541 79094 48345
35950 96809 87786 12521 40898
57794 89708 49496 23667 26311
86636 49816 31562 38551 98664
14141 89921 84292  9142  8224
21236  5306 82147 78737  6105
32860 92164 30220 47668 79135
99347 56213 16341 44931 66651
74773 80186 35854  5557 66884
61497 76331 59843 16921  8924
38647 33317 20456 53828 24217
74538 90386 47374 63601 20002
74355 62339 63692 89531 65683
30156 71602 26484 89011 77521
97080 34796 41717 37583  5446
14772 82797 86830 23452  6381
17414 22535 75224 32142  1224
98899 51090 94857 18146 69380
11677 78319   984  3760 89790
31072  7637 70569 52392  7239
73003 75310 68701 83987 42710
31418 86309 57936 42232 41651
95261   583 66665 33790 77112
37756 21973 87657 45715  2500
38762 64579 24196 69424 72831
15031 57916 53766 96830 12083
14380 39096 61355 55324  5043
25194 96834 10590 14091 85728
39943 76311 13358 32471 87648
82457 17136 74653 15153 91514
28324 71807  9512 30620  9385
92152 53372 57215 22687 28301
37414 69312  8903 76757 25293
75968 67804 48393 52456    89
88548 49875 71152 42092 97710
82591 87000 87527 46420 41396
12531 40134  9970 47027 28414
51267  1509 51570 84515 51588
49174 85193 72017 83127 22178
  685 34376 30720 94988 27097
92191 43065  5386 45160   594
53354 67015 31281 84269 61448
23810  3352 32231 47043  7531
62648 61089 45475 26679 32781
29845 96300 69167 69925  8398
54258 44354 50070 18007 94256
 6721 38939 63631 32428  1788
62652 71944 90783 83113 41727
51959 15817 82342  5387 40579
61791 63140 34316 12423 32636
93690 96497 13587 77478 49114
 1267 14804 78797 18823  3466
69514 10322 16457 46571 59092
73076 78788 34629 82798 70836
39808 41006 92506 39310 30019
52566 71190 61316 82423  9210
29720 57295 20846 43513 80735
28467  4313  6238  5300 39347
64877  8956 77575  5631 45879
22321  4178 68080 59515 65773
34546 82136 78154  6472 59821
91875 54608 39507  6132 20012
13203 15980 90861 73849  3872
 3504 68392 70202 86648 85651
85468 12070 81038 89183 36002
95766 33326 48564 83560 40624
28576 61032 75906 64795 51015
 9538 48185 32535 43833 29340
92804 57242 30570 70947 43143
10179 15788 74818 90652 99418
37351 34873 97742 68642 46400
79923 47300 44474 72863 75175
38059 36126  1563 41462 48513
22729  9417 91966 59901 21571
51781 45280 19614 29171 66765
82109 52429 23155  5134 53544
32832 60655 63563   711 56748
50257 35196 91130 23097 34714
31237 72310 38646 64080 90984
31416 76961 87595  6128 37086
88974 14640 60592 90803 85929
79507  8161 48942 36908 27650
92446 18819 95851 52859 63790
86184 85008 92237 84730 42680
85006 91548 70500 58630 57656
61689 78691 66770 56173 81483
82123 76813 65524 18389 59052
37361 76341 97095  2185 13937
49364 76283 31400 66359 12410
26819 57760 52956 77636 77317
19569 32179 82080 24586 71228
44826 66262 74203  5435 19678
25183  9579 89761 46792 58250
52255  3561 92318 98187 41201
39983 72643 81373 69227 52398
55266 75049 94388 43141 27842
11265 20240 63305 80786 21230
54444 63936 25539 89842 10935
16134 28233 34825 49498 38191
33929 64398 74781  7324  1240
83075  1755 45351 89097 36896
91406  1616 16547 81085 62980
61615 34546 56725 42304 27647
62147  2121 40985 91606 52091
37582 59846 32695 58335  5050
 6424 71588 54301 24549 49970
98297 39785 92484 94523  2723
44519 40418 43460 14248 43350
19242 60176 32809 11132  7464
51269  8816  1823 49663 81665
34562 24588 11239 83518 39722
14056 93583 75574 12607 75967
67999 38803 41639  8411 36893
89439 77809  9733 12890  2118
  480 78435 20375 31505 19575
52879 32443 62508 91746 52203
76244  7453 94984 11237 12403
40014 21882 25679 96886 66855
26601 79336  7003   165 31783
29182 26490 36070 24368 10232
92697 72467 92348 84001 60142
39897 46103  1369 69696 17549
83565 30446 14390 27695 68569
96992 21876 80438 63116 32118
22336 81118 34832 57814   400
85518 91717 49531  2582 53578
76663 18123 80766 36843 65684
17031 40880 40512 86680 91514
  930 99816 85211 38088 40959
18598 43324 43336 27843 34023
94962 75497 97253 19719 13835
37041 28758 45625 68994 77992
40984 21342 78416 15973 88528
44439 60997 99591 22427  1258
 7272 75456  4324 25299 68981
50082 56344 12608 71731 65088
29428 49893 10248 11718 74291
71052 37999 58887 58318 94048
57599 30951 79217 33615 31077
88342 87943 35369 62264 99339
  348 67275 32021 10093 83793
29867 18506 64891 99795 25220
91421 17026 38176 59272 64279
16620 68865 33220 71554 45531
53043 12257 31958 14161 25449
73437 90856 36489 70851 51284
59229 78711 24359 56604 89727
27425 25745 53458 58857 84648
96398 49713 81298  5656 59786
18943 95700 32818 31435   910
16505  9224 77164 21175 90738
47316 74895 95957 42339 38280
13391 72850 55879 40367 42469
47069 76873 74042 82288 39309
16266 56220 52586  8930 47239
40079  4236 68088 21608  9668
45572 49770 68574 64394 76872
31480 55375  1137 43207 85317
20778 70056 27308 76878 72399
 4747 11035 18019 17645 37299
36992 58564 12498 10802 70519
35062 16287 49264 29486 53400
45934 89439 36233 48384 24270
64585 43724 70381 91944  5211
13742 77990 51949 64474 18077
39947 62384 22604 55244 11622
24755 31214 34928 82570 39083
76879 79185 87466 97918 32306
93086 29639 79569 61068 90986
 5605  5885 34075 23040 35860
22200 42997 59861 29742 63473
38828 51710 11871 64262 42382
71887 41932 26497 39688 20261
91743 42973 19259 93798 95683
  692 91906 83517  2237 22591
24965 64876 90604 32988 86827
56136 89309 15430 13906 78561
35223 59922 17187   435 28566
32211 74433 55225 24325 43391
62454 84932  5224 48114 85035
42442 99593 41142 15893 16349
54188 89827 15120 25558 53052
59743 74063 40926  4146 34912
14157 93474  9116 87262 17064
87284 68057 62071 70878 19274
75903 54020 74665 72835 75734
16703 52456 88023 57938 47873
82771 51343 16878 12136 49630
83625 37427 79296 39020  5751
65782 98745 54499 84303  3350
66499 71245 58335 55634 20179
69171 89557 98140 96338 48346
23304 18151 28929 96337 16747
95592 68422  1828 78454 99329
76528 79269  8758 54233 64191
98721 12022 18540 22251 95878
87619  8517 70667  5746 13795
20313 57108 24868 17483 65159
36472  4318 51252 15617 15901
66681 68596 80967 26014 30929
67718 45709 99703 47820 67922
 6148 58321 56860 10890 19288
56308 16150 40062 22794 18295
73935 77094 22136 11620 42901
37283 18433 69107 51916 82027
32478 18816 36027 71548 18593
72043 51063 80937 32931 18519
93929 32030 70467 52621 32381
84128 71069 64104 94924 54766
85259 67627 87089 43028 57409
83132 20257 20677 43233 50134
21346 43219 86616 71710 67151
 7447 57165 56235 71158 52983
47576 48410 81631 69789 47567
73103 49964  4661 77083 87232
64210 41058 94353 92465 68704
48449 94297 36745 34935 43845
 7712 71559 68040 81781  2218
36964 27730 83309 38601 51018
73529 96630  1744 22245  3916
12048 16834 89973 21897 35389
41571 64847 71283 97281 16507
77054 21380 69466 51954 72274
27120 34883 10555 55362 26989
33005  8619 23386 10105 53922
 9225 57509 11759 59315 42382
54889 90984 49004 42350 57077
71861 13636 18191 66600   999
29972 80354 34518 54208 26188
59731  5195 53910 53546 66156
50535 67520 28252 13473  7332
38325  3946  1464 44860 71330
25639 43941 50959 62037 20618
23615  2627 24230 63440 43741
37716 53104 47997 38976 17560
73337 87040 33776 43071 56987
77350 59448 26822 29074 97000
68128  6501 31244 21652 97769
90220 13882 52469 80032 83226
10218 46595 74868 14532  2316
77599 37781 53318 74901 87431
54150 96342 38605 20666 35564
95387 47173  9171 45131 95042
12462 54281 99963 40476 62916
56870 28945 84489   352 70891
36038 76043 90547 90690 59151
34631 59656 55666 60836 66829
58015 29707 50065 22617 87480
82313 83327 98851 56002 94150
 8067 35925 23664 77238 95507
83306 41611 27665 21028 20386
48253 96064 18244 39227 74952
70989 37109 52366 88008  5633
65451 75808 20312 92513  3605
77748 71023 42784 89272 44758
44574 21593 65575 28792 21596
97259 82844 94884 33049 33761
29441 28442 27897  2467  5278
68701 48552 54527 53816 13626
48217 59898 61588 27902 23983
37917 40487 61670 92191 37922
72966 14709 23676   871  4843
27772 54181 95736 34525 63034
53825 36744 71383 29531 79246
66976 59317 76767  9482 25238
24052 25151 73238 27935 96516
82455 14481 41826 96557 46790
16294 20850 36812 94280 66305
66067 12557 68338 84911 45184
 3894 79572 53367  9000 60382
77594 31011 91737 85539 71105
50274 53489 31419 88325 64778
50337 56941  9995 55500 38169
92027 15237 69611 42590 26901
61548 75705 79686 28454 83544
60896 14035 55295 38830 25175
88948    46 85597 60247 56675
61511 18651 10773 87863 73648
40473 63989 17382 98088 83299
79694 32831 41087 18021 50992
95738 55092 31717 99415 46154
49403 64063 39422 48556 49026
63182  5581 20394 59463 83734
94539 50296 30320 61497 35218
91439  7843 88512  7302 66725
 5854 36400 90268 68498 18495
73798 85627 93756  1754 50559
27463 65118  2790 50829 49276
 5694 13936 62782 39302 94143
53908 31642 53042 46014 43408
61160 21071 40062 98724 20168
 6668 32834 75006 86157 43257
 4130 57357 85855  4976  3945
31260 83260 21095  9410 90275
20640 32981 91482 52745 75518
76688 48576 19376 72578 11062
63577 78147 41456 65852 44970
41328 59493 40747 66141  2102
12052 74515 57164 33249 11100
48770 37626 55247 36067 22979
95875 63369 68755 52849 12990
32614 59217 68829 68740 16471
49931 89794 18300 41087 73483
21469  1385 86073 97093 67619
17293 59852 63798 80331 60540
39195 15986 57814 86769 20046
 7321 71962  3854 77660 96019
28805 26929 80700 46096 61276
52029 34904 48850 28109 97134
41654 63267  2526 62451 12565
45755 57433 93216 33436  9964
71219 19277  9092 44984  6401
30597 43790 60773 32583 34232
66254 15706 99313 79876  3245
42310 33422 45933 72753 29608
 3280 10520 24364 82024 33905
35597 30049 50782 31465 86426
88409 11151 55958 51119 92856
53505 34640 33361 55032 74062
79216  6222 67322 67249 83902
41861 90333 94352 49177 87588
47166 56333 52828 47483 17827
44250 47210 26565 55425 28801
21218 21927 40070 42658 91935
22560  3144  8658 12978 44915
40612 92184  2800 14715 61229
 1643 45177 30740 45928 43120
71195 79521 58644 20594 10569
35366 76484 50334 26744 59797
27129 49951 49616 64207 79538
77254 96063 57628  6552 23512
19098 65606 63871 35079 79815
54582 71382 90070 30130 79016
77931 86130  6620 76559 97807
29190 63600 24267  4707 81412
15485 79246 11632 87213 12256
33538 35818 51168 23960  1912
 8191 28980 33931 92567 46276
46027  7254 57123 72954 21103
12884 25423 85587 66223 94327
50594 57746 69117 72376 48333
98422 78619 48081 76583 34136
88708 48881 88854  5848 60822
82643 69109 78770 16701 29051
93000 14491 65800 23246 30517
76430 39269 77641 48270 71944
84632 35259 66267  6967  8670
 5260 25195 73296  6478 46271
53072 40732 37594 73923 33381
77759 84972 61921 13850 35492
51714 65736 52187 74320 18151
17589 40904 95224 88208 15252
84137 85191 23178 92843 40659
37723 51828 41870 24904 37291
14060 78474    13 54164 70629
64833 12646 23472 10738 85054
  561 67734 72160  3165 83223
74686 57128 44594 89146  4503
18763 10694 61503 24271 41385
70033 21290 32520 26503 50515
88870 97848 90123 51374 96671
37012 32610 29755 38866  9164
92658 78782 30108  4022 82879
18852 61584 65758 82543  6664
77492 19272 99263 34532  2110
68838 19078 61785 86179 50171
17939 41971 62388  3889 60193
67869 28672 74784 35210 54797
33045 36464 19226 66331 26225
17799 23263 17218 34371 16572
50852 98659 67751 75358 76617
95779 20661 45246 26000 53557
34042 57244 71198 37951 18123
94165 19988 21595 90741 70461
22886 43877 91433 28645 83968
55255 78491 41993 72433 25861
68557  1946 33515 89033 53538
 4424 90917 44900 88039 81451
57213 15255 70851 55206 59263
97280 32480   854 32398   958
25062 95444 18274 87958 18487
68933  6089 38648 41854 78128
70157 95957 11328 92726 30713
25554  4156 68425 43785 48952
75923 67659 47715  4899 84440
 4902 93494 75032  4817 93345
55499 78431 76931 93433 88380
51342 97954 60835 57415 22897
61128 56406 71492 73962 94197
73604 95765  8766 68700 14894
46194 99952 59357 17556 97555
22130 20501 41954 25905 39545
92311 14502 98830 51646 30386
55315 67143   682 58216     8
 3618 96890 16840  8673 18441
70042 68634 81978 13821  4127
90346 48440 25452 67963 60417
95879  1883 87034 50277 54363
49694 44942 86886 15696 17204
68768 25513 24524 59311 60381
46385 19203 10195 25977 24487
26100 98196 85529 36022 49351
48409 81784 18744 97235 78736
64118 94847 97174 41525 71255
14444 59246 46452 69044  4764
65060 58077 83920  3616 29604
32696 39831 99823 58261 81184
11206 10633 10994 57388 65147
65739 50833 29677 89509 32207
31592 87273 95198 45622 14533
71256 90875 91099 98707 34171
32818 30301  2827 80753 70607
65705   787 94804 38163 41693
 9509 85189  8341 14668 77546
80707  8821  5247 61704   553
49263 55532   562  5153 88333
44607 75874 37606 42954 19205
 4452  7725 24127    26 43714
66976 23166  8513 40630 10224
23618 38140 94352 59368 15881
18703 71283 57630 81883 88756
 6886 37575 55516  2822 44369
75922 76853 58805 15394 87381
88151 41392 26859  9793 28213
90181 49620 50129  2906 84200
74002 57804 17624 63990 74087
 8666 95999  8769 42165 91719
53029 42673 46356  2369 54721
33636  3594 21140 58052 36233
33981 20225 31867 42619 10666
20959 71937  7532 39111 24826
36883 16383     4 48452 65273
30383 49739 54771  9340  4784
84556  5627 19616 58991 10606
77587  7676 12705 81750 70492
62214 88856 27606 57782  1339
91193 64189 71559 59602 44075
 6373 68149 47772 52826 19817
29410 67839 72932 25537 62585
66008 11434 35388 53959  9018
40289  8267 84859 71074 91564
23942 15716 49496 94857 88418
23804 88698 31757 27223 73547
93871 79896 87953 88649 39810
95126 21285 41986 57131 35877
57419 98633 99779 77749 75701
18342 69950  4037 86824 94806
52676 62493 88679 66885 62066
82554 97461 67436 73505 89388
49627 30856 32295 62513 85820
64573 62227 44677 70799 64087
31980 45081 67320 83796 52948
25746 58368 85595 79850 44606
93823 83107 67528 14359 33355
19264 58816 12711 66168 78160
94408 64200 35059 86935 21579
50340  3428 18401 80983 78294
99194 17145 38998 81826 80384
72779 89685 49489 96656 73713
27290 45935 12027 69153 33439
40892 84998 39811 42906 96746
64050 30213  9554 44478 79431
66829 47375 46550 52091 66368
93333 14850 10340 36832 49172
20292 66252 43939 11619 75720
24351 49761 16911 22296 37845
52374 45368 26224 80405 49649
68792  5865 68632 12673 78426
66558 11226 83564 24174 22204
14702 97101 63475 53217 70017
11464 16843 81006 10156 49926
 7701 55435 90786 76123 60957
  130  8921 84740 55239 88712
 3893 22327 81445 99115 26328
51496 74158 57748 28588 29546
78329 82449 33403 77891  5988
61255 97228 72637 19745 19011
17828  2961 17381  6743 99088
59572 64238 54111 58540 17867
79397 34075 43990 10832 91789
21370 30253  1674 43172 83526
16713 74004 57205   930 91192
 6624 15020 74620 71717 59983
59328 28453 17253 78149 10846
90689 68168 49878 72626 41197
24105  7791  4571 35035 20248
73018 63022 94327 11167 47220
67240 89668 74800 92700 41390
 6286 45474  8246 29886  8631
30385 28359 84826 92534 26621
43906 12243 54683 64639 82997
12410 63947  3685 18534 48311
86607 43376 84919 35507 28007
25058 19584 81186 66004 21455
81946 48225 66953 10532 43691
76618 50280  7309 33215  1264
 4576 50798 14250 57751  3093
60725 60498 74001 17717 20294
 1181 27621 37931 93181 41462
61264 38120 21291 26431  7701
45105 93860 20368 28830 23714
89444   963 57103 75769 27580
84437 73781  3418 49877 30969
86503 95329 40158 38907 56624
 5205 39189 72463 99758 95008
43837 88580 98298 54633 88780
96624 20975 10938 68217 15249
82943  3757 57055 89316 65990
16236 46112 23474  8784 78646
88909 47075 77134 42540 33512
62315 49344 77317 85115 15951
21749  7798 80147  2263 50779
14679 28397 40754 97276 45066
64767 64511 23020 37125 14105
16264 16318 94111 11587 61158
20971 18772 39367 40888 72097
20959 92691 10048 60267 54170
71669 47152   877 15652  1960
78200 99177 60931 28818 71639
76606 34067 88967  6678 26872
10263 26114 19395 92396 19003
13882 49161 38429 68496  5705
98442 11051 49960 28869 46764
33173 85626 28522 61627 84278
19516 49065 33054 19051 52926
33246  1174 46381 20126 40025
70895 56458 15469 29836 83560
98645 68758 65108 48687 80241
 9093  1089 49051 49226 53235
 7261 48054 31059 83946 93282
41109 59682  8166 15750 33298
33954 67240 36757 12923 52435
97820 35462 70377 86866 28575
83003 74630 36507 80119 80995
71022 81032 64305    21 16351
85451 33123 19632 94457 30848
54967 12311 16269 76674 54285
17902 98954 90438 39678 87150
13736 22364  4084 15794 29508
32416 24187  6294 77402  5029
98724 38082  6865 26223 37726
95167 46028 23544 93369 20404
49781 98561 41140 53545 96999
86833 73096 15253 37527 62077
37483 64142 59569 42609 33926
43122 43713 94197 16388 42461
 2319 20816 52146 97781 72384
 9971 56572  2699 73826 53124
10657 70200 38486 34972 15548
17516 98938 18196  7746 81374
90827  8230 49280 28577  7705
54196 15433 21238 99523 11100
34676 54239 71438 70282  1061
89675 34134 38033 34338 51001
33384 64555 15205 83764 85503
 8301 84385 14366 12939 56987
28651 40465 40910 26181 36481
89946 86610 22619 58033 86333
86423 30182 88201  9180 23771
92768 67074 82057 29382 22703
86679 88822 99876 46291 52674
85609 86642 13465 42690 21426
63822 77332 68037   504 25221
79258 37840 46963 27072   732
88739 76909 22594 60473   500
21748 46281 28001 97654 27438
29758 83910 55359 96064  5862
70696 15706 20504 51485 97797
32859  2558 58853 45627  3814
 9516 74957  5099 66611 19708
66253 31265 15150 35640 89227
68552 96073 20847 30166 94508
40332 67367 13631 76211 92216
11059 47366 90633 18280 32879
95816 64706 38262 63092 81139
16892 57907 30749   862 96904
23003 52580 57931 52594 47393
18132 83930  1203 68786  8118
44849 48163 67030 72886 46214
95226 80760 87345 75232 63334
76298 78271 38571 71247 31327
50112 34382 77493 51356 91537
11716 44114 97393 90440 35414
34635  2643 83509 73893 69010
51396 23887 44647 43867 40297
54377  9299 45378 42495 47995
21474 21795 36516 67559 30745
82394 44499 23449 82889 99295
46963 22150 14158 88187 40057
15236 75800 89662 13681 85654
23483 72833 44647 24158 86235
87202 79114 97106 64720 15164
91717 11334 67672 95817 78232
11744 73420 46006 18792 51944
66601 79739 30095 71939 18225
64902 79384 88105 89039 46400
96356 19716 41737  6732 75350
90649 30536 68447 39327 44625
56048 24456 74842 44325 37208
99196 84399 53793 51843 19093
 6556 65143 49509 86045 86259
 3845 20694 98268 55015 95886
68714 63190 66501 53132 72105
41759 47888 27220  3828 10984
61321 25314 10754 84993 63858
58922 79450 55240 66620 32364
31654  3424 14810 28093  1348
91802 25377 91293 38152 59254
42834 38399 62381 90145 84477
55086 81824   487 78238 55700
86117 47329 65600 19959 38434
15005 74454 16843 74566 17331
87975 21128 94138 53282 27202
59595 17994 29649 26502 82889
 4395 96386 20348 90567 54379
71132  4945 99036 75332 91885
18324 45514 22155 92036 43453
29715 96851 43969 28082 69858
39471 40741  2737 26240 29818
82035 39615 57854 43367 45963
79269  9305 89937 79064 41199
15449  6450 90809 41570 99246
75562 49216 50637 95963 12776
77830 36089 73824 80781 57213
62988 53788 18653 55496 49038
94108 77745 96873 76273 29352
23582 85676 50603  5979 19015
19394 96527  9098 73463 89659
38779 66627 63477 17446 12268
23489 89225  7572 44552 18517
 9371 66739 90020 38764  6570
63817 82642 37817  9629 14508
83765 65897 54173 32740 39661
  988 83331 22812 67364 29945
38286 90991 13690 95391 40368
34664 66578 35097 34504 20510
39264  7323 12949 65880 88016
47997 60924 77293 14795  7670
81727 46039 69498 21082 69837
 5577 65527 27108 56896 85514
51178  5968 20751 69350 78237
20651 89288 79815 33811 69473
19939 93722 68565 35331  5911
58063 32274 45739 88791 25827
55264 86168  8818 31460 26820
 6566 88710 71959 73807 13849
  158 85256 31047 78688  5779
90637 20087 62435 26585 12460
85776   762  6433 60133 72901
65705 14803 34838 63890 86428
98187 54839 73319  9493 52102
75287 95387 36992   918 55575
11692 79344 85769 86346 71706
91497 87996 23035 21892 67768
99207 66004 51731 26509 14326
50563 91672 76702 77179 86820
47677 25130 16143 18630 46284
12472 26699 17985 10016  6399
60529 28218 81745 76165 14974
22347 74875 94951 34770 32700
79787 49509  1500 87578 72164
88972 47424 12224 47072 63963
78451 36211 41990 53219 38432
51049  4869 98011 46228 47456
66413 66057 51160 29048 65956
10766  7182 50937 89352 20233
12337 71411 67771 46343 38088
37957 46153  3902 13065 20672
44829 51596 63604 27829 73016
71609 53120 16018 14328 71947
66700 78008 35917 74963 42689
55906 49160  4946 95503 54189
33105 19122 92390 68245 22438
93177 88137 52597 63622 85527
89945 14261 70709 19954 77113
 7298 24338 39608 17300 31423
 3105 52789  9333 79675 20689
19492 42666 74693 55662 58047
 8891 70944  1653 55857 61005
54090 11203 72752 90023 82967
 4563 74236 48999 56626 92492
64369 44683 16946 73597 52802
29253 65986 79671 89739 68318
38170 12929 33234 17257 54553
75663 75555 44455 65934  5475
32546 57187 23665 29367 58779
 4454 56452 97489 13875 38434
96370 92018 63912 31008 77111
33415 77958 56516 60581 86872
31451  9449 53559 38258 54055
94797 52867 43402 16881 93057
89765  5068 92477 13567 13203
31569  5260 48408 99248 63118
60283 15334 84758 93896 36437
49672  4165 40995 11276 66866
36393 54838 70625   187 45595
21036 52231 15019 98256  3018
45540 43837 70688 71005 30688
84081 73550 83404 59744 58678
54158 83890 93621 74625 67223
60205 32532 60371 93534 79807
67622 61495 40722 39866 59139
25540 67517 17982 86421 68707
44883 93000 82358 16861 89574
62228 21025 16346 82874 65907
70947 20064 62846 99713 56285
30444 64788 82997 86237  2350
49604 98666 29165 51419 36667
72886 87662 54828 70584 92600
44459 89308 26320 17592  7899
41677 22126 12358 63357 46397
 9973 43494 93767 66629   977
36753 35615 81296 87546 78444
27286 83292  6560 76085 91564
83638 82963 31190 68545 25279
59668 84752 36518 38050 57880
29872 68875 58449 39203 13688
48058 65725 36732 79840 52750
68660 34992 87434 94171 53127
50957 95538 32536 49735 96822
 6533 68211 85920 56107 86838
93962 68856 56583 27610 35847
59804 10431 74632 77103 37655
30295 66970 54514 75013 20223
81190 58360 36409  9780 63071
25958 43479 84409 15521 28872
 2193 67769 74478 51849 76025
92548 31515 61189 35348 94187
40089 80367   465 73306 82839
91282 87276 59666  5541 63950
21743 22917 87338 21515 58130
65604 23849 13488 17203 30908
90191 57365 27147 65820 71476
10707 27935  1026 82958 68461
58436 16612 99895 25262 76955
90884 93402 83195  2592  4034
62897  4371  6426 12677 15195
53485 29838 43626 53173 38073
25838 71934 30789 10430  1425
70821 69300 17371 60428 77441
76672 58694 81913 27061 27773
49695 99152 63367 65345 47860
56261 72090 70966 16935 18298
65263 48368  4887 35870 72059
60838 18971 12016 57939 21076
94574 54431 10254 77709 81956
36595 56774 92898 57290 58599
71318 37735 97965 24086 28238
51559  9847 28208 51165 50120
10250 17313 74175 88029 72677
27110  3474 56189 74232  5329
39717 29159 39266 37361 89423
29297 96616 73454 71862  3602
 3320 12011 53194 67746 11228
24116 31268 45217 80136 71310
17214 49277 29470 55763 22038
78007 62636  9231 92136 71780
82469 41759 35980 98304 52734
54401 92214 98893 62613 34082
47077 22788  5620 76529 11574
61490 96393 57048 33614 20302
18102 85147 82189 83989 64595
  656 85355 28412 42513 26506
13269 55260 64465  2918 22832
36728 22491 70753 76940 67388
29939 34675   642 84754 71217
63404 60491  8738 30049  7380
94529 26366 91467 78691 66101
30578 52050 78510 97596 86366
56620 17645 46606 51718 92337
58719 97110 45099 34022 55066
46493 27411 15154 80014 87256
25106 32021 44958 41035 87462
12996 32292 77226 79817 24295
15517  4295 17965 77776  4269
36183 14636 47634 48269 21629
31213 95995 19167 18155 41980
56179 20413 86116 31386 96938
92584 64036   587 54307  1805
15281 51434 30036 40231 66217
26453 24143 84623 85221 60640
27010 91609 46661 24055 97340
95994 73481 52358 89578 31207
86597 41267 90954 75973 49404
48957   603 87651 43649 57704
 8206 92379 20450 46253 18770
54378 29257 52242 62867 42521
84830 21957 89643 65764 20387
17553 99230 95872 57512 51079
41954 49796 37538 53005 13143
 4640  2288 88653 80296 67906
75051 79856  7299 13763 60821
70506 31558  9078    15  7206
 2401 75819 18528 96550  7820
21569 22697  1049 54179  8648
50737 50058 94499 79384 97364
81489 61087 83063 58252  4778
57167 51653  4844 72384 72389
19898 17465 65762 11940 33972
90357 56772 13174 78920 30846
62461 70968 76715 33344 53895
41236 71957 56050 71503 75768
46406  9030 16311 74373 31322
37760 73370 44124 55990 40411
91541 46101 86886 55315 54998
46076 68315 25438 49408 86474
80586 38192 63380 59444  4084
52713 17301 43173 23462 70937
67448 85934 14233 39129 83141
70874  4204 65521  5422 97504
11938 62407 11769 96796 86868
69678 65508  6753 94072 99347
87858 39980 35439  6877 20404
41026 79886 11022 18019 78495
18842 31940 99367 91684  6227
74428 30512 13633 14125 20954
65758 71293 61213  6488 10779
76460 38042 86262 92262 40384
77000 85843 58314 25900 42910
 5999 14561 91583 92192 34698
22947 77993 37931 51712 52132
26760 45160 80976 33066 39357
66142 45086 59650 30548 97735
17376 77247 42810 50419 16019
 2781 93858  3834  1868 70639
42758 24775 44653 10956 84614
55192 90466 67234 39396 67616
97493 49293  2692 14610  9032
89043 30073 94084 34368 74765
64228 35346 59331 17436 25529
92571 79243 45147 43111 96899
46515 27293 64080 85900 33120
98648 95526  3138 80474  8177
79593 91656 43932 16273 13438
36277 39869 94902 55584 76977
32841 98407  6237 86174 72921
40007 35991 55864 35947 36305
 9297 45301 42185 82285 91671
90424 20657 71464 85314 14760
46282  4816 76764 46554 31928
68406 15300 67902 69727 20780
14926 13133 13868 17748 77490
91798 47391 40066 80137  5274
20505 94212 45077 67626 50426
59864 83970 93125 47421 70917
40479 31843 26139 35609 11953
65393 69277 89178  3080 30894
49993 69278 70137 47843 46711
83530  8769 38842  1224 84509
86942 37621 21513 56806 89653
42672 37882 73846 17767 90998
23217 56113 48697 45891  4945
96513 99670 15761 35696  8673
  676 75397 58217 62450 36430
31248 57442 92787 19990 39153
 2274  6781 29070 48349 28193
40205 14857 17872 73611 12462
53813 28874 48126 54855 22052
33731 77484 98009 14252 44980
33320 56656 63332 65326 80278
91919 58902 93394 85382 68130
56031 63526 61139 48287 15451
54090 34970 58236 22759 47937
78082 61022 14133 62232 73262
35421 58101 78966 38158 30536
73393 80492 17004 97923 34636
39089 65965 85022 57493 27119
94489 42441 63576 66874 88119
24002 52446 32729 42844 11856
23814 64497 88624 20332 59591
40482 52804 18765 66332 92010
12172 45770 92480 30372 25531
61300  1449 17543 92474 48729
20730 67141 93799 31973 54498
66464 24730 53688 88949 34625
80392 39669 18018  7677 64669
71220 47386 45746 55052 84586
57824 32768 24718 85854 44438
82300 52385 86341 50258 28450
 4847 42980 72653 17984 88569
58368  7726 53342 15135 47432
58972 37560 24586 83758 73902
50490 75957 91307 19923 95532
57355  1860  9644 86458 22703
 4332 92157  5642 95613 91637
88896 40476 78450 81786 94007
86810 71392 82292 54915 48845
25439 94267 21163 54119 58292
33183 29330 10772 17154 99772
82498 31445  4484 31110  7991
93047 94816 58598 16481 12975
18819 54329 48336 25598 83307
93893 99172 23100 78731 81478
70820 49299 41391 42708  2022
78077 93710 94870 89522 85337
  533 54859 77052 75341 33001
44102 47335 42261 11615 51621
10605 61934 99165 15771 16052
77161 99046 36492 89551 46469
36325 89199 70978 71948  4780
 6761 93727 62551 39870 81222
52430 27042 19819 82846 52595
94297 58634 98625 81354 16477
33547 64020 50941 64470 94254
11869  2867 13083 17621 10093
26155 64789 49248 45690 62659
65307 57088 57823 77852 63005
89490 62372 36154 52137 92809
49771  6161 86442 29135 63555
26043 43832 13038 20968 21388
70750 10889 98445  9628 76423
27333 90000 31657 47825 28555
78762 72658 59627 74118 51001
43034 90682 68254 63945 10433
54407 99558  5341 65538 25939
 2809 32578 60251  7766  5533
51746 35613  8487 35021  8433
49282  2363 61543 30811 77454
44485 27143 20804 11872 98967
 1218 78718 14705 19893  3574
78229 27488 18499 30647 92330
74668 48444 12826 34563 39232
88674 42200 15375 44438 46727
78793 99339 14522 93549 41399
82853 13537 72510 50213 63764
85990 59170 51661 84174 65466
41063 29837 34633 88886 82096
93173   654 46374 97024 90161
53036 92798 57810  7841 49721
77453 52866 68232  4222 98684
 7983 40849 88678 81858 11341
64108 32650 20667 56356 73083
80775 23857 52426 43352 89748
83561 94404 55793 76719 46359
33557 86108 27866 43900 71529
65608 84797 68719 52361 37438
44874  1398 61166 90789  9773
59551 80952 67530 76933 97126
61980 41284 93142 24918  2111
48378 61699 53859 80045 11514
96709 27338 61952 53739 97042
18079 75752 78366 28140 53772
18531 35225 70057 13763 95729
69012 95594 74475 75839  3552
 1428 18281 79866 45591 12939
 9138 73941 72649 10834 64746
12255 73069 92749 26728 53889
32608  9749 30902 71045 60420
27842 89934 97608 80287 92610
68948 52940 48807 64505 50895
78553 71405  1339 97433 32995
23348 28452 91909 33432 30898
 4409 55007 80868 65075 49018
51042 42676 29681 97978 82827
71576 98197  8510 64987 18763
86879 41944 24118 62227 74756
58718 49140 90281 50815  3997
68585 86175 46112 91682 56321
79060 12434 42290 46124 17389
72018 77687 56205 88115 87223
87263 29544 96690 30607 26038
55242  6417  8617 80258  9377
 8992 33110 54290 58418 18644
74883 88735 99601 15588  4412
48257 18197 75499 67018 99587
66099 39364 69104 27105 17906
94437 64355 57543 22294 95101
13594  3368 17472 26276 53141
92193 97559 51216 46274 49010
72113 21038 53593 96352 57204
84439 13936 24007 26759  5168
67840 95528 43616  3587 39371
15447 45411 71654 51635 68989
18375 16558 87065 31934 17118
 2423 50422 92077 63580 71355
74910 97810 57330 57581 16265
77850 62969 41003 35638  3497
14839 42290  2282 16405 13562
40081 42137 68798 69940 52402
46529 66238 45934 20872 36071
40885 39693 60869 24955 64684
31872 28032 14008 29537 49994
90241  9913 19063 89822  8574
87467 22715 46502 15441 57142
45313 47730 27372 59405 44053
 5240 80252 57714  6605 43003
 9458  1913 48765 43980 76105
36608 98499 72499 37709 97471
21318 31038 46271 97530 56455
16051 99826 39903  8849  2025
45501 51410 82855 52978 42965
69779  1823 60854 22990 31720
70250 15501 10298 16133 25330
24518 82586 46361 27234 49799
 1968  5714 81325 48574 12285
55966 76961 98392   970 70257
48561 13614 10255 42991 33699
39176 15535 27935 39674 44754
  659  1007  2471 92178 82862
75398 66237 59299 58900 20395
16201  4474 16317 55273 46042
37426 41480 57306 76727 74065
12050 16085 29182 47506 99206
17666 65275 77661 31710 42124
93384 62140 37225 10556 75235
 8421  9867   902 77234 46852
36835  7369  7322 38070 47712
35149 68861 60787 84880 22132
95754  2046 32014 47535 40948
17736 52268 99399 66922 23876
47283 90747 54733 70382 23891
65494 55146 22403 67381 98323
57975 29187 97507 37651 19646
 5758 31380   309 23068 12772
97015 42286 40734 69845 94060
96592  6993 91599 21321 74075
68509 48341 49750 39630 47134
91912  8277 19856 99226 80081
67212 91038 40773 24602 28631
50118 32104 54918 94462 49585
97735 34407 15637  8997 56275
 1639 39706 10180 78693 78997
40912 93046 62688 88907  7493
16372 41743 95564 94367 85776
88429 64380 91882 30278 52309
91328 31842 41049 86117 26691
30436 59590 89143 69704 47965
60759 91778 21416 41465 14839
57242 41309 54191 83560 80049
93732 23452 77591 38778 67264
38246 85242 22843 77932 67405
95685 86250 69841 12826  4175
94148 75249 91913 96569 90454
 4241 12078 86261 85681 50732
92297 50501  6139 10616  1714
71412 77646 96317 74415 30463
96345 77154 59118 54750 54964
14377 48635 94408 83294 47373
 4024 72398 20974 13337 63215
 2098 74778 13869 90161 41604
93557 48460 83493 64332 81993
20856 92167 18732 98162 91484
80408 24542 20280 39728 84136
 1863  1937 66595 38311 35607
39183 70855  5420 99508 76822
26372 85188  3736 37915 83087
34967 12993  9816 36225 37937
36730 25693 69869 52523 33959
81849 81068 92352 82867  1142
40667 68163 84905 19127 56836
 3965  3914 19829 14846 95399
36658 86348 58619 72769 67841
 2889 91343 32136 56949 39680
 7681   939 29814 91761 88153
57859 66200 34775 40570 85307
10774 34616 47255 21740 68091
63851 96417 34095 51829 38110
63327 15472 88901 76390 46708
65410 68088 41525 91117 90739
41565 20797 87420 33167 46112
78319 82404 61392 98937 19039
76506 76857 11431 50129 64848
13446 66265 56308 76670 17829
48484 98524 73893 69200 27821
28992 78603 64272 27470 61849
  871 21233 79551 48501 38270
35332 19179 82813 54122 24077
60927 63090 85793 48702 82789
73790 56293 33301  6391  4907
99916 11033 54592 45555 50676
75846 63425 51817 94962 28801
41500 23175  1537 47742 17534
26906 27311 31564 13640  6901
28615 50656 88968 41983 83545
15046 97421 40455 44170 15494
90057 54425 10404 16494 17961
91603 72820 65848 63279 51539
68980 43391 76154 95782  8242
22128 81140  9620 93240 33798
59517 26731  5344 60527 72892
69178  7149 57818 23918 77679
76683 44235 47981 95820 61136
67331 74708 30701 85092 32856
71859 59079 71716 68732 56996
26459  1240 34693 88180 37934
50460 27272 77065 67488 93875
63033 89191 53689 39053 44186
27031 86331 43928 28356 27337
46291  1596 64216 45881 41032
82629 93416 63671 22155 26378
43194 37593 10423 89851 75425
60427 84264 95027 40832 76800
94483 63163 23746 24322 35182
54261 77881 34627   165 28480
37623 12281 34248 67851  3733
  784 56401 52348 54440 90159
72981 29645  1302 84664 91010
 9319 19929 19362 29541 28494
28769  1342 72548  1424  8714
32625 26879  5942 75916 82320
61464 38446 93182 24442 40827
73741 39495 20827 45514 46542
58731  7331 80898 74835  4024
33146 11027  3077 62573 27765
53702 44903 13738 29001 97322
54110 30420 77844 64333  3286
 5867 53605 42370 60280 35979
25701 39694 22934 22397 30365
58584 18525 46641 26387 66673
34753 94096 66950 64307 29838
41089 92327 46970  5319  5093
50955 10593 90022 61674 86829
16291 68532 80150 97097  7758
46867 25243 80376 38344 69672
52171 31560  3561 99701 74705
58703 39131 54043 62251 78295
46945  4272 45411 22399 18361
43492 35797 51941 35569 34961
 1304 63232 31428 43293 32813
20374 44028 55090 25544 30391
40417 81748 82780 47920 29215
69621 52485 31150 18101 23589
27744 20349 86408 80418 19269
16135 19326 48734 33077 42935
37889 74897  7532 24429 54174
99477   740  5289 40975 50046
69938 98030 94539  7567 66829
93878  2138  5324 57908 46603
51612 23001 35878 51666 86689
18532 16447 46882 39777 51196
34818 85419 94729 28671 39589
81384 60359 16736 32884 14753
10417 92275  4800 52944 21593
49708 43502 55175 36592 21847
93713 96301 37915 84095 38440
83217 91581 15219 58172 72512
55980 61943 43019 21852 36673
16654 25480 54634 73598  5569
61379 13205 98031 74947 86829
  212 91376 47863 49692 80626
41070 17107 52713 87019 12833
41909 84109 86714 94624 70920
80982 67759 86940 12406 64101
75049 50252 90447 51047 40190
90271 84414 50373 34534 61775
 5937 41173 81443 15007 45467
38901 45622 91618 63966 12681
80427 87996 73753 87094 31506
  254 12185 42536 48930 89724
59428 66250  5779 94721 36864
20177 25949  9488 89391 89260
29677 52716 52718 74508 25288
70126 41253 90448 95231 13811
54016 45307 38260 13853 56294
41266 39875  5511 12989 98233
   77 40395 86077 10630 63406
31455 58637 93780  8332 81587
38195  3159 63518 42234 59466
80469 90695 95577 30723  1248
  287 37875 19433 59976 48101
45407 52662 94110 11928 50239
75591 99691 20283 52869 86914
92108 16329 91085 42055 32475
76916 63884  9231 24014 36773
25143 51108 74327 64666 42704
83284 89821 60593 36275  1625
15553 69836 64013 89963  6258
51544 81854 89419 42623 15328
78195 24333 21410 44373 98535
29959 67291 23084 63922 85840
78527 46306  7345 97815 69390
 4011 92383 91387  4827 69670
15983 37352 40545 11920 27208
99971 71272 59323 47223  7658
32227 13080 69118 27740 62609
93591 25898 81370 43309   679
15334  9751  6876 99838 19804
72631 45916 94158 91934 54911
 6599 48487 78101 27955 91532
85254 83997 49329 50873  2133
50524 55027 22315   312 29276
60290  5995 99803 89928 82113
98257 71816 40402 82895 50463
46831 28307 89274 69175 29589
80187 20241 21590  6019 31302
53481 40057 15921 61395 76893
25043 39434 12265 74794 95723
59314 79258 73709 66325 75074
48557 87436 92651 73202 79346
27495  3300 27024  6418 56273
68557 59481 17992  7876 25457
55293 12386 95502 99037 36741
17387 64648 21153 53455  7101
95182 42226 40559 40475 10598
92009 36557  3905 60310 96569
31317 45922 46739 50265 12478
31803 15390 76900 29954 48480
31068 46082 42496  4309 52943
80314 99627 73551  7803 17216
32808 71940 62457 22448 12509
30751  4780  6253  1118 37567
85207 97896  4085 14952 13470
96738 57090 43059 13481 91851
94185 76845 87689 25884 34964
51220 10715 66139 77312 41633
54222 98370 71029  4524 75534
44888 63974 96772 91546 19061
49466 40190  7259 79328 34118
28755 17619 23333 43374 56457
77128 12866 95545 61647 54412
66545 53359 57261 92354 72540
11039 65150 94925 19984 13980
17324  2042 37984 65379 71957
24738    44 50653 80650 27414
29829 57158 25771 47465 82728
62030 83088 27514 72888  4572
74259 78220 35007 58117 92309
 1284 27587 45137 27237 27652
76727 58177 33468 98915  4804
36570 27818 11808 36144  7533
10770 96058 58082 38022 18333
36928 12306 21929 16481 39154
80047 92040 12498 87141 49101
48479 32496 15201 74069 65169
23357 15914 74781 15915 26908
25473 68826 83717 79343 82428
91927 20341  7866 55423 42791
 3028 56849 42472 30815 24290
19909 15745 33073 46173 67235
68490 65817 55814 49673 95117
34966 69012 10407 74354 40534
57973 58839 51358 48859 15476
21139 51620 71032 56198 69618
38291 28384 42882 84164 97759
64328 19660 51898 63042  2943
 3944 30918 94562 88603 73681
83753 23223 47299 11780 45231
85913 98813 55482 12435 29602
39135 95755 29721 47612 98923
 3178 67818 50455 26131 99013
 8174  3501 40337 29443 58512
80178 84421 20844 59675 37580
 9673 21899 77476 11727 34784
45536 87851 54355 74480 60972
88903 95916 94209 89878 44578
 8758 65427 73115  8008 19007
42612 10450 51899 90792 54304
95404 59266  3818 96183  2426
16109 94385 57506 35673 89672
 1034 82258 53091 26085 94885
74343 90884 86661   255 33173
46916 12908 45420 94687 71562
95271 74373 75535 52667 54359
31472 87806 53985 99891 59486
57226 32154 31058 87036 30303
75481 99267 74457 92284 17712
79481 29118 98342 31353 52866
18240 81393 32256  8728 89764
22343 23566 63561 50470 46485
31335  1035 75679 24667 11712
80231 18947 97818  3775 51421
53602 63788 40619 97378 59533
32856 45719 69927 13216 43308
98511 16999 42901 10920 71888
99616 89975 10640 36613 13734
32314 38523 23575 33445  3049
 9249 65448 87487 25380  3470
87792 22918  2495 74039 45326
29162 96806 35015 35313 11821
74538 43017 10016 93384 90381
93292 64144 78429 60802 85399
66748 18443 45022 54357 22463
93615 79880 81031 92311  3682
71682 95572 93525 51584 97821
45285 72679 44079 17088 78840
96611 80954 84262 23841 29192
78833 78405 49574 18230 67762
39240 73844 32816  1996 55357
 2339 68304 32168 21879  6025
 3664 85691 13567 14702 98811
20062 42879 45575 83694 26079
77096 68650 77808 14833 61326
52305 96015 97567 21546 51524
15636 81946 58280  4879 11790
27795 88602 15244 86878 37381
93366 91021 29612 66347 19547
24891 82203 51098 33681 96883
65819 46238 35756 36459 95772
50951 61654 36630 67741 86478
11721 52333 96477 16230 47271
 1680 86460 97131 70213 65801
28025 17545 89881   606 66777
85093 16344 53556 49543  2170
32120 49354 49947 37580 25014
49944 97470 97501 47040 63811
49267 24150 26367 27431  2731
67599 12498 97861 46248 36971
76061 67547 15614 91942 64520
72401 80961 61072 22396 84400
16766 69143 20166 31472 89115
92115 87414 89119 73361  9550
36540 47864 92759 17454 22016
45378 38417 37584 48744 98768
93233 87694 92890 31853 19208
65150 60497 78658 14862 29195
42998 68093  4489 97152  9600
65944 50573 64631 75962 68078
 7812 54986 14226 87621 53553
54667 60179 39045  2050 24654
81468 30266  4519 87292 44396
10830 41236 88237 80638 82295
79474 85977 63871 63019 22544
58149 37662  4296 74778 25535
71484 50345 81178 70230 33745
84509  3003 14251 31324 76708
53453 34441 86377 27546 11109
53502 49892 93962 38291 23261
55185 25690 58276 22806 14392
35818 31540 29098 29944 65263
48251 69938 27782  8996 45762
29362 74193 41663 70319 62535
77520 60498 40968 42716 85320
16554 52421 95713 95591 13613
58586  2998 18894 76966 27568
  298 29686  4226 84569 78921
60780 73459 12650 40790 34719
39087 71356  9602 39897 56700
97121 16171 67212 49208 35792
23063 29915 17699 18698 85675
39880 17452 14912 18053 65654
28065 44108 50416 86197 85611
51643 16102 73466 36837 76270
30920 45489 37692 97994 16842
68047 50434 23382 76966 57044
30027 69846 30404 28540 46418
42197  1285 73663 50981 21126
55866 96402 33206  9679 63722
 3902 62973  6669 71336 89078
47667 21662 36808 60589 22574
 3050 80258 46353 87836 23049
77270 27919 32365 30041 74235
89252 38692 34322 69144  1853
20413 66911 59341  9550 14199
98516 69877 72952 81265 41433
65207 75361 30212 18251 14292
66153 22765 83900 17827 82730
 1218 80890 62422 21328  6776
79969 60186 11435 87901 11577
31460 67469  5090 45142 77012
 1185 84774 81546 37427 21925
96766 58641 12461 81830 85517
59227 36955 80667  9450 48176
71926 46858 20365 43945 48323
75066 10176 60483 54623 30285
26778 68670 65694 44733 26335
60596 53547 42585 17991 88284
21846 42499 88614 24068 72544
50554 45883  4742 32214 95443
27519 46008 84273 60559  2253
  992  2886 11400 59271 69932
14681 10399 45345 92592 66298
45672 50098 10222 99963 12861
39622 11654 26712 32923 87130
94981 38946 92734 92113 21219
24613 22547 92503 20922 44688
22332 62015 53197  1070 64733
60870  2563 31474 89904 45858
39471 66627 62473 24298  7989
90490 94289 69209 13784 48433
86231 91191 74485 24586 67539
75729 24806  3011 47191 79096
51095 77139 99902  8074 44131
96792 61040 27869 53954 60227
83483 99406 21987  4748 22504
73219 27745 10271 18189 26814
15617 65229 67733 69003 47774
80522 44875 13465 36051 61107
99916 24010 32761 11225 49813
26348 73641  9261 40910 77826
67653 91178 75194 13004  8716
17885 30334 13529 29708 49096
70835 45348 24554  3953 36793
21830 36202 84883 53727 71644
96847 71589 67023 25590 39305
67257 57881 96497 97286 69470
43605 79758 11381 62584  5440
90176 21491 53893 92962 12610
49800 63488 84344 55622  6348
17114 60742 28833  1103  1909
88561   276 32367  9031 67340
88924 78699 30257 58083 78695
52828 84479 56699 45324 26445
 6996 33086 70073 24496 96899
73274 29769 31281 25860  3893
81309 54430 89979 66576 63091
47847 44655  6278 50765 96815
72279 78027 78017 80910 19181
33671 98781 34899  7782 94119
41808 37182  1058 76066 34815
65713 37666 36930 84388 36744
47368 39100  2402 29819 57773
61214  8148 26351 48360 59192
85576 17349 12289 33180 77060
89332 30988 52867 37002 31602
25854 26851 91440 41081 54419
85810 34230 84866 46722 70936
81995 26115 95263 38299 43682
96804 80243 57325 62661 41539
36095 55398 22096 72073 74986
71968 56803 67789 26148 37967
87040 89619 93389 48423 15006
41731  1545 29182 15535 73136
61154 99403 95126 75278 45776
41543 61724 56927 63922 76233
45056 43744 11999 44847 16759
96326 54842 81402 69195 85200
48573 91534 56723 58342 47064
76981 26639 33053 75784 78940
38587 16437 90211 80258  2492
59568 32578 25002 62014 40161
89243 58323 12435 31391 76595
71508 84113 67474 78490  8890
92104 32153 17179 49884 94380
11529 24597 52665 92561 11687
72417 58292 34704 56362  7210
53725 59635 56107 10617 71858
62451 37906 87558 13786 30615
95774 99016 84600 91207  3920
58267 28528 64842  2626 74964
72320 17457 70014 96613 10515
95163 13803 75202  3353 95993
69149 60022 82398 18361 90389
41233 53353  2324 44472 46828
30116 54096 70069 86003 53117
46028 51316 96026 20564 74047
 9625 79602 77332 38998 88872
72289 24654 18412 36967 48505
19372 30680 88215 30653 39601
11224 61828 57968 36210 80061
59271 18355  8281 48963 11470
44600 68124 18637 52829 74359
19427 61368 75486 81351 43551
69162 92751 98437 55609 93874
 4374 86982 29574 80200 56566
75631  6035 95097 89850 42352
94213 83687 19996 45755 89651
43383 65335 77618 81748 37881
71060 10723 51107  7672 40040
50770  6843 26202 93086  6181
85374 14810 40726 98951 41309
 2831  3427 47829 72092 55103
 1185 78514 31674  7416 38765
37953 31337 36871 27633 51035
19276 43570  7022 26285 74236
81431 55626 33491  1484 27156
94795  6346 41530 13731 77486
14507  2884 51296 75852 66832
47757  9590 83736 99325 10698
62170 33100 52072 92218 45650
50722 22384 75739 35679 86979
76417 66057 90991  8944 46198
44881 21208 22012 24012 14470
71314 48274 17679 56695 80666
14699 90888 87271 61515 16292
 9186 72026 19139 74872  2205
87058 15453  5027   552 85361
27152 86008 27762 55025 60892
54473  6993 85454 89752 20960
64775 26951 95963 29633 35083
 1378 15220 90077 99173 17380
53098  5144 20020 18190 91968
98173 83076 14297 50000 97510
90385  2266 39438 95301 79745
51615 31344 75114 20110 66345
21763 34779 87403 30284 60264
32501  8685 81729  1911 12445
88938 77539 70034 43403 95165
66094 49442 71937 59536 57489
25238 31650 74379 22967 77583
84479 34931  7541 28477 40031
 4661 10101 80617 47389 55440
78763  6509 22267 72739 66571
55652 10864 73848 63452   608
33000 40682 79015 65607 29371
93250 86669 58553 97642 54038
51372 26640 47085 52380 41558
43982 33034 24961 30174 92928
88201 43715 97355 65201 87106
58101 62656  5641 73399 21980
44483 16874 57344 25727 41128
21550 56694 26887 75405 51329
89662  3015 28621 47432 95009
27028 82718 46742 29948 46342
14278 86907 15108 64154 56636
41626 45735 89853 76802 29575
25586 67151 65490 85364  6860
92490 89475 19116 78584 47120
39915 68491 46855 62391 95071
39707 64279 64445 60683  8645
51107 99366 67136  1208 97157
83215 74329 82154 27680  1961
22077 77560 30448 41254 54838
50921 15211  3535 23162  5629
23039 58982 87767 26053 27539
26619 56413 42366 49981 56443
67513 19659 80743 24384 30410
61458 44387 81540 85530 93295
  454   806 63740 92938 27415
16115 32283 38333 71621   959
23750  8063 25921 36857 34597
59229  4549 29840 81360 74434
90086 45375 65632 82993 56764
63105 36032 16306 55849 73598
21522 12702 74525 77242 56756
74840 27899  6655 87241  6745
35613 34215 78461 83330 92977
22347 62894  3775 60180 73686
55228  2102 54319 36946 87663
73671 57412 50465 37365 72736
33235  2243 64462 37724 81485
 5337 89859 36465 83983 73570
45501 86865 70550 88486 15501
31991 25888 60180 51202 12835
59014 33596 94832 96412 61814
35597 34349 87876 88951  8516
44026 50561 92520 91084 76091
 8546 32437 46712 50712 69848
21120 65434 95451  4018 66639
75393 96089 34778 85437 41738
70708  8926 85239 63141 30944
27704 74575 81962 82028 53600
17847 33811 73389 59370 40219
96602   478  7620 41455 19971
39201 63822 51272  5537  8509
45547 60708 10147 89164 99290
90248  6998 92801  1277 71273
20301   367 82972  6306 34297
73570 26461 32344 97443 10623
78028 76221 71282  7043 96831
73303 95360 83831 37014 98077
24016 33379  9779 40825 96772
36147 75125 81927 80673   504
46142 77264 87817 11280 11259
35172 95394 14731  6069 88021
52920 54351 73919 50427 62068
37287 42305 93789 21645 67696
76181 74808  4378 98518 94574
13598 83759 76034 16486 72327
88092 90776 92962 85083 59926
94470 90310 45018 36019 30931
30308 75980 47840 97026  3190
62794  1912 42532 27669 53133
86686 22956 83878 39573 31612
13020 47304 69254 44944 42817
92525 50086 71877 86197 23967
44849 37411 94706 96945 91138
76555  3775 67159 37978 51860
59775 30941 18114 63502  2267
  937  3957 71701 41563 82749
29316 54098 58630 75518 43609
68822 21269 72106 79961 22689
65756 43592 41616 72548 37040
46156 78278 73382 54469 73534
45263 86805 12242  8124 68576
76519 98650 10136 39146 96154
37767 65080 46676 32299 38373
44308 92182 88753 86124 72240
 6537 25294 82555 74725 34257
  270 26143 43231 28055  8555
27717   611  2637 68094 89567
56705 70689 96111 46311 19886
32346 46822 21369    57 86475
78954 82069 94465 91691  1496
37977 56775 74060 74538 47195
 9624 40309 22785 23651 45896
79107 39667  4271  4703 14580
44543 67302 74153 84665 58695
67501 61561 33258 91037 35931
51062 43849 34868 72931 26165
71932 67159  4116 82574 23580
 3018 94343 13378 20575 65261
63846 69143 32992 78924 10668
84382 33341 33669 32271 16522
44684 19877 96616 76813 53088
52815 39541 99987 63809 96641
44684 51543  2182 31980 31733
28947 20365 99962 54248 69686
20522  3690 17053 51080 27790
64456 95758 96679 12943 37652
17485 86703 13089 80844 72985
71392 59720 12547 23561 47079
63946 90641 62557  2500 36784
52165 57625 51806 89834 17175
95323 71198 26668 33981 67972
60829 91724 48440 52507 20914
85195 52053 70852 87700 42552
42526 34333 85528 85668 45127
72184 80497 30601 75346 33894
89522 10365 51228 75312 15653
74076 40291 91917 27223 93760
62236 61135 64389 50162 49394
10909  7132 19634 45323  4638
80514 14465 42106 54984 19275
66966 83862  5686 80691 24122
52951 39403 51298 85055 90565
 4368 74513 51050 63260 11145
29176 23079 81335 74779 70696
16044 10310 83374 50233 40464
64868  4214 60421 97241 30922
50239 47534 66230 41484 93246
74022 47653 80482 50265 83759
46844 49317 97960 99280 82912
13912 85803 23148 23776  4465
84665 10823 97447 45928 62399
17101 92644  7527 95221 22766
19721 15478 28431 24776 49682
 3665 73382 77070   351  8385
43197 65446 92425  4291 44568
57332 19631 84593 37265 88619
86218 37245 99288  8640 82233
 1654 58854 10134 56144 18771
77146 72771 32312 89162 81218
73966 80255 72934 65319 34603
89729 82810 45061  2837 97718
12829 80170 52963 98526 42042
59022 95748 89061 67289 66853
98102 72964 80795 96455 10366
50241 48648 47271 17714 75580
68354 21278 96111 15860 81926
55552 38096   833 42707  5445
26472 13146 35435 86375 55144
97610 28441 43723 15465 65061
87316 39885 32084 87050 84888
80184 90737  3812 93098 15356
42252 22649 29210 38605 49694
91899 50986  3011 77875 40941
19435 24683 36061 87236 86719
71483 99685 20448 74107 19020
61194 58529 17257 46496 38389
83413 18826 90720 92437 72827
54981 68129  7974 38050 36817
52386 92012 74680 42223 16899
76149 58015 21774 98089 72912
11777 86906 51656 82499 32239
87684  9726 70163  4270 72213
90691 22150   562 97006 23115
18980 78312 41393 49302 74536
86620 99976 26570 34730 37038
56352 35315 65560  7780  9746
25242 70620  1295 16471 99615
63570 82169 39920  1809 80577
29913 28501 47302 22056 22249
84792 12956 66353 48035 98166
70759 59238 50323 32447 47878
47739 42737 80311 59334  5394
87742 99145 69363 45418 41064
53161  6141 14042 23423 94207
39829 90727 81772 93510  5520
31040 93129  6329 79978 57587
27074 82229 32292 52853 32966
90394 61076 48947 69335 83323
67368 65194 39342 51229 85323
98241 40700 56272 99074 95653
51641 86490 63607 77079 53140
 5177 15300 32837 50607 99538
31694 50194 11204 58014 50253
25344 22668 51703 22380 84251
85446 94417 84751 82993 16390
25478 51308  2425 56691 49007
17298 63610 96684 81073  3531
98661  7379 49441 93324 56681
42679 38864  8423  9835 78895
10618 20779 39206 27857  3179
36675 28073 79949 28271 37986
81333 32903 44463 30257 79962
68123   707 59812 30046 36043
34902 56380 71507 39609  4996
25419 44386 71773 10819 61424
83727 44301 26483  5107 84250
66649 20791 49262 72340 61595
71190 13490 85393 13248 37884
87721 90372 19301 59958  9541
98193 36145 33316 11805 74020
78374 22505 78927 50097 47099
78213 41086 29473 51945 21082
40217 91021 99636 46005 24660
72160 26502 64726 81873 30167
36757 81862 51869   363 99283
62930 14227  8043 93197 64612
19407 95198 72479 31759 37350
70832 54034 14806 31189 24029
46445 34506 31945 65456 30317
89461   553 58572 32774 14966
30675 86508  7590 34727 72063
27528 54578 72872 63979 30414
57922 13819 25148 64011 80768
15204 27035 92352 94564 23576
64402 63603 52807 47840 87153
96137 63837 90323 68427 57503
14710  9360 44383 80912 26347
31758 27591 29388  2725 39269
66118 80493 47299 85659 27925
54699 41231  8531 40489 19507
37299 44942 58123 65206 22078
48356 96458 72006 14879 30413
30891 52499 53443 33663 29819
63639  8060 65528 57129 28927
22866 16910 20007 46195  6085
63045 87790 28115 41789 80395
89427  9123 37206 22394 39331
52623 35198 93947 54111 15292
96445 49224 31803 72985 96402
86446 39542 74107 14328 39987
75485  7722 91079 91715 27308
51216 30349 57740 49264 90862
 7283 24759 57937 14890 21649
72551 74907 91223 33294 80259
57943 10393 24373 25797 61607
22673 41604 76753 62021  1347
25780 35626 60896 80267 11363
67866 89484 38551 61729  9913
94231 25364 84061 77282  1222
65703 92922 64387 47052 57700
 8786 67799 32067 83359 88392
  380 25618 14209 80347 75550
60796 25678 72009  9501 68415
35647  3271 37062 37052 95622
97906 56893 53820 89782 60726
46984 59808 22413 51018 62586
34755  9942  4197 53742 76203
 1575 79832 24987 73423  3945
17931  8698 30271 19760 42829
16846 85387 17011 93209 40452
44626  8069 47070 50174 34939
26461 88080 86290 24090 64103
99290  5924 54210 72605 25858
38523 23976 55295 74449 19518
 1717   828 98081   228  3956
35618 86954 68475 29007 39511
90390 30954 17444 54830 72617
62433 19329 71202 62579 19605
15576  1593 48804 71208 51166
19592 45561 51496 19791 13007
 3991 27705 38227 84675 67961
53505 80442 20386 59543 90101
38500 21090 88449 58425 13480
81248 28176 69047 10091 55615
28098 13010 42418 73077  4117
17545 20897   354 74337  8197
74914 90171 61582 13167 74290
43176  9302 61318 87578 36561
32970 76374 80907 41549 34492
17585 57594 67040  8713 60702
73766  6000 93973 71568 11269
 5017 86527 36578 22422 22910
 2285 67386 78542 67013 64922
37178 32522 40728 48118 55190
14811 57422  9187 90761 34525
92790 38506 60762 80319 84509
53501 34306  9797 44465 26205
80959 86350 81353 88889 81427
  464  2290 13830 19790 15782
77099 29369 35484 29958 45639
68608 95884  2452 62881 20724
75014 63630 26716 70400 70963
94369 39539 13263 48774 45644
76923 35989 59638 34297  3722
 9243 72948 89028 17720 66246
69299 96304 65791  5404 41059
91281  6159 57033 25999 90630
97088 92638 81965 72581 92676
98004 29694 57854 97864 98924
74680 79853 56812 55662 37847
88906 39233 55889 94164 65010
74252 38298 49720 31684 19382
31734 44861  3586 94901 86513
44455 90786 60556 38004 92419
 2901 79698 48483 55056 37095
93103 49638  6840  2852 18236
11500  4450 45120  1529  4038
16454 23826 12108 23249 58004
60564 95322 75511 16977 73028
11468 69949 52357 45833 98426
 5921 95563 66115 68222 70934
13789 90975  1192 43039 56015
58900 59701  9263 18647 65071
98298 63238 80279 43741  4747
87966 12987 58663 91469  2065
35447 50469 77636 74973 51230
33439 63755 87666 39271 82279
80909 69396 74267  9967 60370
28679 83845 77780 17499 31503
37481 44676 43509 19001 67269
24429 62128 85558 54274 59605
39189 89736   606 23156 63567
84518 22398 30653 25856  7042
84851 54676 54970 85415 86222
30365 18755 82657 81376 22259
82745 48670 96961  7811 12548
22869 58391 81696 72869 23579
 4133 91735 42582 54028 99983
12610 85844 49563 81534 43156
90271 99290  8078 35832 50271
87575 86721 70039 19051 38038
88752 97074 56975 93385 26984
  973 80328 30221 87206 28981
74235 99281 14508 54533 99886
17654 98340 72297  9136 80872
35177 87240 91862 11724 46931
67094 61600 38159 28903 30878
92109 28253 11814 31972 34986
16752 73931 99102 26908 11569
44333 63968 43809 36185 33773
42707 95426 41494 79125 38793
69193 29792 54624 27077  9620
89950 63703 56792 47689   116
86689 48199 58334 63999 70936
11271 49485 35521 87590  5178
12194 36098  5396 50045 40561
52293 40518 57354 66146  6776
12903  8480 78986 39839 54243
66200 11332 46505  6972 17453
61472 28992 39021 56636 42303
 2215 22905 86190 72367 97830
92506 45142 23871 87615 52537
34544 30661 81754 25794 62476
 1924 64477  4592 57058 33776
58829 43223 56372 90167 55780
44986 39923 69544  9990 92685
76404 43083 53167 51712 15355
95272  8957 87945 43288  3185
43989 30362 99335 59939 56171
 5575 39659 85330 19540 35435
 1720 59739 60391 14255 31932
44589 92183 94791 87492 59056
54881 22201 83934 42115 48902
40724 30849 31185 84945 77855
19865 18716 97398 27449 87449
12421  1014 47435  1100 96277
66981  6721 23926 20204 13437
 3667 27918 59724 76729 17142
14519 88439 66437 11173 87239
27621 60024  5926 67456 58048
27131 16256 22048 84762 43618
76590 82510 26673 95438 55771
 5138 20085 44953  4799 36387
33228 97730 48227 92034 60543
98657 67518 21676 25055  5822
39889 43613 77814 37072 96155
92757 62445 24704 21245 72874
59369 89734 21486 14848 67445
 4842  9747 10669  4397  4405
52006 83099  6888 24921 20930
49447 44676 84798 21903 52056
19464 97492 21605 10726 59925
34819 65772 48022 95985 16648
69326 26971 57080 93708 41679
36863 64841 42825 28323 16922
24886 62279 45057 90186 63503
  469  8295 18438 70962  4995
18492  1917 15948 62500 46006
58928 89189 35683 58130 78910
82523  2680 62500 63674 59925
90962 94456 51569 66821 29035
 9586 89068 43225 35193 96342
84262  4454  9880 30721  4868
 8962 87307 78476 59621 59944
58183 89734 79260 21248 15544
88706 14223 83315 92822   740
55410 39167 27420 14843 71227
97969 18458 21405 74689 69374
73188 69953 88710 62219 29192
82577 60955 73713  4824 45920
81117  3854 88376 80547 17104
71246 99701 59051  6481 99944
 2525 95199 36610 47984 31365
 8377 19259 35831 51067 85653
37986 74217 49962 26460 41161
63363  8190 80118 20225 46768
59997 88847 65608 53915 83982
69503 66633 89344 49089 13947
89410 73464 22789 87277 22194
48759 31681 83405 64515 16293
46499  5508 58538 24026 29808
57869 95979 46507 41654 48760
45881 52073 90863 84826 10755
 1570 46516  1619 23787 84499
48512 39640 81002 90200 62984
74216 93851  7056 37502 71239
62079 42102 91019 23608 12491
37660 35858 23049 32918 14848
41220 60520  7942 74608 35307
19771 28315 78275 76717 49262
67923 39706 38240 60860 56549
77965 63791 98172 47499 29405
67971 26125    59 81724 22585
69530 71769 75281  9484 29851
83157 89560  2618 27009 66553
 1633 19337 56245 63213 37285
93207 46217   873 62721 65801
59251 65981 17847 83530  9665
26168 80023 81060  5504 70203
73968 69705 10195 29122   848
39149 29508 67561 99717 31223
74832 88345 10388 72568 52506
77760  7400 65474 21185  3746
81345 30170 40364 41278 76123
28691 55874 45770 74314 92668
47525 47161 67597 14191 20925
79442  5729 22199 91134 89218
43063 90331 64522 65804 86998
97525 32207 17454   713 52164
35174 75478 92830  5770 25677
94240 19167 63056 30991  3489
25157  3441  6865 65962 74798
64509 73493 84854 25450 11671
24663 62313 58410 84016 99470
56472 89895 64236 80631 33516
95593 86965 81695 98108 18376
10023 40252  4493 98881 76436
79122 70198 20370 58729 64008
78246  9521  6883 60821 31294
16971 86108 36942 42624 48421
48112 31888 98904 45558 77455
 9056  5858 50724 82720  7025
47421  3256 64380 18426 54738
27864 86842 87878 43543 87440
 1476 42023 86339 76035 42847
  754  4450 61826 93205 40753
 5155 76506 74671 99949 56985
74735  9408 64854 88775 55445
59496 71401 79072 89263 24272
12802 78038 54515 87183 58222
56404 69785 79937 58306 40338
81899 47351 49507 11231 33689
 9509 71707 74425 28724 83045
99048 96060 97480 15298 22059
16282 15684 81564 36367 43790
70225 60948 14036 82857 12073
80898 24386   397 35684 31211
16469 43357 95649 57660 36052
68306 48220 85351 60715 44833
66741 60726 98242 24382 40906
41501 33611 75794 55519  2918
35158 20364 67804 12108 78706
95236 39712 68026 27560 75267
92243 60262 70626 13934 71931
28285 84685 99650 31219 76142
 9755 96432 23413  1163 81397
83173 15922 71324 57308 79881
32500 87703   851 17553 20830
90198 57884 85732 16790 46800
79449 10493 40381 46499 71828
38457 46284 82201 94391   594
21295  4611 99937 24159 22604
41159 52394 28392 63749 17781
27666 32591 95200 53588 23776
83029  7803 52855 43640 92192
61921 78021 84358 92193 45473
82711 48010 23855 90922 78831
76809 12208 18310 97209 81903
78642 92049 40316 16719 11400
66818   648 46499 92790 58651
51047 50868 52849 84808  7248
 6384 77765 50971 99950 63794
20757 57626 85165 61221 50897
45126 68891 49498 44995 50188
80917 53901 43871 79656 29872
66376 34436 34934 12617 20829
43694 22513 27806 96815 17283
79794 19706 91379 12215  3660
 5903 21562 25963 74803 67371
33346 52901 35943 59063  3300
79313 46895 10469 63690 88870
59530  8503  2726 84411 50602
64640 31781 60961  6447 44099
54766 29920 66814 62462 40702
44787 93788 79856 66991 34257
70608 90756 90563 99706 48929
20872 10037 64373 97296 26227
98375 34436 40654 24781 85464
22850 96404 45099 93284 61306
69482 43418 60998 20658  2103
40839  6204 31049 77493 27650
57475  8775 75119 81194 41491
 8617 60298 98131 78360 21757
 1471 15028 21220 28851 51738
44814 88355 59582 72325 32504
53264 54946 63180 34992 80142
36144 94856  1406  8880  8315
20879 10869 75262 31680 47405
87543 12863 69889 46368 77289
49029 89894 82265 72734 50587
18263  4960 29380 10006 17226
20722   316 40629 96715 19213
61931 14504  5191 17050 80304
 7137 60760 99986 40937 19915
48202 61120 80470 17066 46516
63269 49488 42912 47870 16743
96768 64464 71666 77852 34116
19299 12775 20374 84002  5499
25739 35717 64907 20062 50217
 9765 66294 46961 24122 16736
32246 65843 31151 18035 56534
 5890 57852  7697 71706 75952
22230 75264 36669 34191 29776
17532 83472  4388 90165  3877
20232 11939 74421 51598 72319
10812  9847 97696 23912  5683
83082 22565 98057 51416 79072
75069 32704 98880 56612 87765
66743 21839 14173 50327  9786
24385 23806 84281 61478 29475
50843  9828 14251 51613 90208
89787 16412 93172 79914 48555
19457 36790 47836   284  4812
32562 38001 43779 17345 83612
76729  5845 53632 68161  8446
85009 38292 62693 47026 93840
89477 25055 48925 12103  4943
26405 27228 50180  8180 88897
91527 80459  7984 31568 40935
 2972 40565  3335  6655 33601
97389 80462 87778 73391 75713
21640  3968 33775  5353 48436
 1387 90716 92860 15979 21752
88869 56158 15615 55885 57755
23651 54336 52985 21202 15930
98448 69563 99442 40620 76367
12021 45640 51138 10860 18690
86486 89232 40186 52312 90072
57262  3431 17230 43673 71643
78137  7211 76048 13296  8017
82048 73129 72306  2367 67565
58172 66340 68642 11508 62300
31047 74787 82620 79330 59417
22406 39000  3875 97680 40369
15512 41896 84888 55277 39053
54449 42570 50989 26296 40669
36724 49650 22968 59536 82882
56491 80493 49181 43931 92120
12428 68176 42409 73907 23974
68384 20465  4190 44307 86490
49220 52139 22140 55244 91716
54139 69900 25546 77765 59552
49709  9908 41998 60495 63998
23103 67734 37493 99998 60278
83851 26401 75515 81916 31048
28030 29966 83757 33921 56120
56521 38358 81810 10965 51401
17632 82786 66102 42516  9578
32670  5407 88561 98831  7650
83471 63639 78460 67105 22540
 9878 25085 39681 99057 92475
94753 88343 52191 81411 94292
79696 63126 71237 79517 18521
15463 83085 22399 79966 49805
59238 63487 51480 61540 89101
 2376 95400 34634 76206 20915
74429 25829 44335  6058 87520
 7546 26381 80357 14085 12422
14253 46049 42844 68433 83688
50914 79892 13852 54733 20204
16296 86694 48940 63954 99178
38688 46883 59799 97246 69959
25357  4518 92245  7365 69101
50245 54924 73170 13808 31511
39131 78861 67521 68190 18725
28341 95287 64304 42357 61426
14115 84682 33244 52409 96556
 4966 66456 82522 64082 42162
43582 41962 80319 80431 84469
56800 69004 71683  8867 16871
38243 67971 77098 63971 55493
95339 18264 24693 75100 18815
75995 65393 84456 30537  6569
49126  5789 29551 53851 16697
13088  1254 24366 50949 93504
84690 71598 12853 49189 97987
77541 42587 19679 11137 39293
30674 12603 79110 13949 83780
39429 95727 82451 65242 48631
66297 30586 91141 13762 82686
60036 93224 54350 52631 60851
56982 98239 96646 82819 30468
51999 21014 67533 59606 25342
 4927  9286 40557 90338 24838
52042 22194 99015 82816 75667
17534 50206  7613 60510 96243
20164 56989 31625 41709 16254
21756 23428  2614  4174 81296
13653 90229 51766 64434 90235
80809 57387 45541 65357 91777
57855 32798 75435  3735 52990
90578 54929 69286 20417 83072
56551 40601 46250 98476  1743
56365 58476 16600 65219 99574
70928 59838 53716 76670 15420
23315 85422 61688 21675 19786
16083 79083  3048 72321 14442
22423 84504 89275 69346 53343
79590 10550 79882 77337 82579
43527 87720 97134 29789    89
57636 26253 23204 96151 27735
98124 95976 32217 25334 42389
94418 77028 96232 44568 99675
79515  8932 42281 32902 10043
72158 27110 47286 13063 65175
40957 20216 69315  9673 29898
92308 62859 85326 56017 15891
39918 62710 33011 77123 83200
37242 38877 98438 41974 48960
37491 63514 28690  7311  8151
42781 34388 39311 97946 89022
57953  3604 34433 77916 62855
11962 23494 30097 70875 43551
59931 99208 28209 62540 81317
55167 40988 65441 64705  1047
68840 37771 30207 28085 19007
29686 37738 71164  9435  9547
40634 41661 61211 12422 33672
67201 19613 99442 78498 26271
51933 31128 64364 21790 57668
31106 54321 94743 27580 22123
21386 51056 32562 92335 20363
10749 41617 34042 98857 57085
47099 68772 87285 93448 85485
80249 35675 66607 68385 38107
94396 98337 77030 72662 45440
96530 56203 26095 37190 42297
36794 72623 65335 39631 73753
 8848 33703 71628 77603 37907
11356 49651 76951 50471 17702
84645 92654 31178  5994 93311
99336 63975 14278 14586 24158
62728 89898 77974 44824 25894
64672 37721 89129 50072 31572
 2082 64659 93905 58193 93409
51279 28399 34372 68674 88639
97401 11789 97239 25931 31979
73642 80043 67799 80191 82965
49833 61087 24550 32039 36489
95015 24738  5057 49417 38836
11069 13667 66683 30494 57434
45684 50607 62328 51999 77060
50834 84476 38273 30194 26727
 5352 34032 32032 73161 90592
87384 45046 46893 98878 48519
35331 53621 35740  9712 81563
75548 17247 73123 90165 89312
78734 90344 66230 49958 91926
 8019 53672 47690 41325 34061
33823 25852 88273 56293  5336
 5517 18653  9323 43019 57843
88209 11783 23620 63231 75947
62867 11711 46197  8102 38270
95627 63891 65587 43327  4131
59627 36651  9157 27137 41156
61542 59551 27435 81135 55959
57394 99124 74755 46055 33611
28087 37342 73574 69144 50261
57681 54270 56970  6339 62429
 2346  7916 42297 70353 77955
30752 52508  1018  1374 78096
  829 35622 99605 71601 99879
84403 89533 41535 68836 48094
 6612 31418 48589 27826 94336
73842 33217    71 65482 48677
66961 80675 81069 62842 80598
96872 70305 47407 30568 35357
78169 29320 65682 73869 94307
12261 61210 59939 62498 49003
95227 77590 82286 79157 32070
35970   365 12216 47829 81320
62162 56452 33469 61507 16974
 8985 52836  9990 90895 49373
92349 44272 62304 16548 15027
42197 82406 36540 12480 86747
51617 11127 35922 87267 16742
82612 57054 88004 39420 86902
42590 99559 24166 61539 53377
25322 94970 17799 20631 80105
46737 80066 58492 46922  1949
66207 77830 84854 62726 59841
91405 15599 93951 49730 81743
47027 92864  3230 43688 51168
51744 36780 53738 27862 90962
 5832 75093 77008 14058 11618
90593 85619 85877 32821 29500
42396 24643 41934 77311 86911
62636 70346 51004 45617 76461
46776 53259 93794 92875 78054
96675 12659 57385 44240 66679
84191 88605  1147 44683 59096
48835 40387 49735 73460 83703
74105 54667 37836 40626 50258
57270 32186 61956 15342 44315
26293 78854 23829 63692 50236
24631 55726 67484 99769 64339
85664 31639 85308 38050  5734
14733 47639 19723 99600 47377
93149 80593 98096 33763 43831
73652 60746 17076  7758 33689
34579 71319 24796 64840 78079
56646 53641 52978 54487 33292
11020 44532 18060 36723  7965
44534 27860 52343 53863 33281
51114 14989 45465 30786 67050
86437 83221 41748 43452 69065
 6404  6611 74869 53641 17041
 7815 30164 75621 45871 27555
54706 95571  4595 84320 77597
78406 17382 62749 67242 72934
68486 87537  6493 41080 56540
41758 42438 17016 63779 85121
36459  1497 91142 38634  4733
27006 74388 49813 94844  7389
25986  5899 13800 30676 38189
53919 88942 95229 30245 72722
97571 88982 29216 17484  6915
62564 25936 34125 67880 77234
78582  8119 62444 19965 20552
20200 76986 50617  4023 96744
42358 18101 10517 85986 17084
81975 72733 48723 42016 59909
99842 65960 19323 95455 72878
46725 97542 93924 24208 64658
39513 75791 10773 38937 27168
21095 99188 42523 57110  5413
15095 92153   586 19465 90269
64941 95798 66534 12241  2055
70469 99788 55510 19051 87972
77066 50641 72000 34144 21683
73140 80002 63779 66876 97422
82893 27124 91863 58805 93930
86076  8071  5829 89419 68747
23677 93446 33161 56815 55156
 5992 77815 35631 10065 51239
53842 21376 85868 32053 50458
20682 64257 24291 80784 53900
 6593 13963 22922 49836 78340
 1637  6549 78597 19425   921
80567 40466 49935 50622 77855
56681 11337  9085 34155 42912
20083 81597 54382 93101 36324
19908 70794 15658 21313 34583
33476 99488 77262 48324 99941
42606 71340 82711 43434 97894
56277 22206 82212 21204 43256
58424 92641 51116 90607 70324
51066 67593 41298 78995 28264
96138 73883 66897 59298 89247
73303  2775 30559 12271 68882
87379 64820 86607  8331  4972
34178 81961 93022 41071 59191
35542 17445 23441 86545  9993
89131 35421 17164 97107  6727
 5224 35704 19559 64448 43760
18619 98858  8996 73101 51923
36825 39628 59521 62038 21196
55541  1818 60650 30558 46282
11303 73509 89871 29116 49982
23497 73309 27643 22998 22474
68228 93671 21878 46900 39699
74989 28379 30510 99535 70930
12657 60266 64936 38207 37124
15196 99225 78962 25426 16742
67101 90638 68770 48982 46913
31891 62728 94870  2526 24741
36987 21564  1113 77272 17481
68515 96908 30320 23419 81432
13614 96601 28445 39750 61170
60530 66351 85060 21807 43924
65285 47416 14570 90666 25726
  731 31814  5969 59272 29729
58098 14820 13880 15781 63456
 2858 66789 79346 76514 35199
10509 11001 92467 91055  8059
 9732 75644 44050 89304  7723
46163 52675 15691 77147 82384
 4379 95404 61011 80936 26689
87491 81466 85887 94741 96915
74846 72254 73635   933 65236
89823 18786 11547 36034 60058
96186 80870 39926  8461 97444
89512 15378 23110 47937 20373
89069 25428 75693 41940 76803
89260 98046 74984 24215 44959
33679 46267 67546  6193 76085
82304 54127 43580 96924 34775
49339  5831 48419 13459 37011
63561 48847 70475 31011  4583
71408 57499 21043 35236 66117
14678 57786 23841  3091 88544
99115 40590 51117 94500 38487
11736 40424 42545 13749 49311
18315 20580 42891 86513 95068
36268 72208 77678 85444 60833
65846 93551 17696 19574 84448
29417 75335 97658 84562 83671
72316 61773 41245 90864  6672
60101 89173  6586 74377 56305
 6509 44590 40495 51703 77285
85907 38027 68446 98201 46307
59065 48864 62802 26303 98833
11545  5730 20362 33981    43
31254 64021  6330 81845  4034
18241 27927  8706 49144 54686
71771 84094  9959 78770 47621
82628 28063 59795 62146 97844
63644 50905 14649 80417 54364
44031 85502 12666 74907 21750
11597 77869 39781  5508 73035
71000 41912  1723 64469 37546
32675 74392 25921 74443 87312
98054 50504 81318 69850 60130
31554 47061 40682 19919 10779
18272 79342   574 69721 59309
63839 76146 85743 69426 66791
11239 95183 51006 89599 48370
83183 93423 43018 57437 40442
10047 30041 91421 31951 79400
52545 64779  1558 39424 22503
39220  6327  4026 67163 31142
68114 82557  7074 14201 30694
 3269 10372 94123 29392 10682
75988 74464 83715 87797 42917
89040 20672 37526 29333 84447
25787 37015 37134 52117 89883
92211 81546  1467 35583 53910
56058  9344 21061 65946 30932
99407 22013  8063  8487 56851
52149 58557 40465 10700 43604
12359 55195 71874 33230 98541
73396 48666 14646 60591 32039
70742 69427 63876 93030 17766
11417 10869 26513 92495  5208
85574 68054 58781 64455 71623
83160 74306 73913 85089 32167
 5843 51592 93635 25236 36835
10088  4794 57653 51623 38338
58633 29010 56308 32009  4421
85530 35735 19336 12180 27052
18860 18215 97523 95795 41489
83749 17912 88722 76468 64786
89707 73909 52983 69028 55719
46280 52456 91018  8698  2655
86653 51608   723 12947 60886
 8616 90114 64992  3836 22427
63792 87141 70550 26196 13443
38381 46125 97918 33445 45274
24643 52847 59768 34620   269
65018 76907 50730 76424 97597
57162 62290 93359   146 95283
10495 33156 14408 66346 19988
48615 39782 91048  1489 80791
84418 17782 54461 49148 27608
17397 71226 46785  1982 21130
16906 29526 58809 61886 22326
 7142 84240 55435 86198 84840
94204 69129 29284 50594 84508
99079 60540 37455 60830 20875
12666 70033 49489 58757 58484
 7704 53188 59705  6477 12987
28535 14355 63858 10346 85430
19789 79866 88849 14907 51082
58008  2425 35466 37157 79359
78078 43667 78665 47149 87383
 2311 54526 99911 54561  4663
97198 40183 66872 39596 11362
 5249 90780 77563 13760 44372
71130 57848  5037 30281  7023
 2253 36762 32224 18717 75736
29029 70267 31248 21828 16984
76958 99632 66727 47675 48204
46205 70772 59055 77588 93089
68412  8123 39265 18856 25289
28844 97674 38403 56764 85834
45205 68616 59771 54226 46249
28022 71328 98557 90523 81895
94218 10769 56431 40472 83806
91620 38417 31305 62935 50536
98904 42005 26859 90581 34946
81576 92572 65764 46985 28796
24752  6178 12475 84347 37223
50145 93990 12850 77586 50325
 4447  5295 78096 32328  8377
 3015 59268  6540 26197 30543
86111 77255 47267 67942 37531
52243 18656 25043 53681 15455
65838 70192 86370 83011 97546
33374 67954 11287 30900  4290
64946 51573 40558 83305 99697
63241 32913 97363 11781 73966
99684 32005 66833 22371 85477
88240  7046 88824 12808 17213
50525 56892 61047 33685  6829
40455 66945 81284 70393  6136
50003 27969  9509 62708 14187
54709 48264 30051  6760 42759
69694 12778 88891 18384 81528
 2091 85028 67592 89418  9979
36680 46214 23430 40404 30633
53920 78398 20829 64541  1879
45266 76881 22195 82980 39447
97356 91240 79679 77812 43671
13277 72949 57340 98331 41257
56397 41747 35181  9923 60493
19761 74830 87424  5242 25197
56032 98157 32915 31364 44143
10172 64588 85904 71539 38154
 2633 77331 19988 65806  3125
43061 91574 74845 24843  9206
 3025 10673 35828 28782 79097
97562 46265 50959 41293 79173
12219  5809 62488 29030 66982
30793 61303 27409 26472 22378
11385 53906 67170 32362 75967
33402 62873  7944  7417 74520
16981 17845 91923 60104 94753
10095 29661 45609 29115 82403
75910 97070 54486 81016 87194
69693 12020  7263 73227 32602
86739 96137 23294  4279 68955
40405 14534 78673 39635 51988
50715 46327 21928 41277 67670
14299 41148 75957 41233 24643
43122 66709 98678 48003 81114
11074 77108 91056 40511  3463
77217 41047 28296 68276   696
79455  1839 44535 46469  7930
64633 56836 40828 57120 44701
 3851 95839 24096 17437 62542
85015 44443 94380 34265 74990
57788 51379 85984 47436 79489
29125 50035 66642 32095  2600
13993 40057 74869 17514 44361
85972 60775 33075 80492 49095
95093 72219 97960 45772 17469
42878 38989 86549 29825 92971
60349  1971 40481 64021 50597
83037 75670 50730 88337 97144
78189 28622 45756 35028 43613
53906 32158 14632 75851 89055
80617 69615  8959 12370 82096
 3206 90018 94391 72368 47444
39872 62975 78158 45102 71370
41860 96547 16631 81360 68202
65650 16540 45500 42681 54499
59315 80279 58923 75802 38514
66336 97420 86105 62329 34618
52465 17588 41191 19786 11523
22306 73737 25970 89743  4918
52675 74812 68608 12365 88112
 4994 78862 37670 26571 29945
24482 43686 31272 54532 25720
54246 15688  5435 67939 68211
24037 46672 79088 62667 27409
78871 92999 68882 97178 28435
58224 78620 64857 67126 95574
22905  6158 40976 70309 77023
14143 49039 94917 88587  7143
90785  5903 52565 86121 65417
92099 15943 93975  6740 48277
39445 65396 22562 26022 79951
48655 52809 18156 73441 34998
38283 88352  4929  7843 63721
60600  5231 44071 53673 14851
 6451 38705 82219 89043  1769
55854 99607 65036 98363 17478
91493 55377 34876 40294 26437
51621 85746  9617 44676 89233
91769 30650 32853 20695 35154
99631 40526 83062 22759 86763
92313 93059 50161 76074 38824
19483 86887 59852 64983 60410
71760  7797 54548 41420 15039
19896 28156 71138 86415 19075
45307 31943 27802 86341  8525
47191 48994  3999 48488 16690
43291 94350 87266 86150 92255
98808 28880 10263  2079 78515
52521 11101 15015 27129 17796
61789 81831 17484 53812 91943
22120 87605 56147 62745 97963
51871 77109 42920 48242  3942
68073  4613 29104 32350 27064
37490  7745 81297 33718 46603
88039 64923 81706 32808 85309
57792 14256 53507 66706 96481
16193 16792 80829 93067  5924
23435 59910 38813 75100 47676
49755 57295 86482 68829 39064
39669  8397 61163 74901  5872
48908 72065 31476 96270 79301
49138 18034 48135 73174 57111
95991 84317 46946 67469 99010
15317 50140 50466  6081 30476
90734 25359 37687 31154 73095
 7738 51441 33536 33329 58088
 6784 97152 32235 29802 41784
66515 54078 88586 41903 30943
55700 11456 28176 36288 53438
 6685 96026 60540 64693 63652
36251 65692 80693 89944 24275
37864 82049 53639 57880 28697
11221 30788  5443 62143 98972
56607 54089 49116 16399 48397
94978 44666 71669 47486 34316
32617 42169  3110 92516 92916
84066 24404 84885 43708 17969
 1595  2287 71244 80892 37416
67023 89993 51161  8719  2667
64103 91777 88672 50049 74530
17751 48897 62816 67722 55807
92085 35129 69199 96881 33305
72409 26105 21628 55961 24908
76747 13219 60563 49087  8471
88765 13563 34632 94314 76077
35078 53056 65300 70656 23604
50947 14555 81944 30765 17577
71586 51636 89899 46609 64144
 6109 11449 28315  6220 75823
41372 99602 23115 54888 89158
 9006 94663 65466 92750 46221
19647 98837 98539 82678 78313
34101 10946 21492 12749 41770
97164  8163 81208 34813 18231
65303   609  8396 90456 82451
26756 23357 60508 83645 86602
19025 18075 34910 69018 94774
97927 32611 83756 85059 84963
86852 52662 74569 32398 60706
20038 43026 82804 35715 89577
97038 30875 55583 33394 72233
95743 51671 93814 54080 89978
 8558 92161  2765 70379 32544
41033 58751 85066 84619 79848
 5606 72942 84149 74560  4690
 8142 95584 26713 82634 22706
30712 74578 81234 84569 39311
23069 58291 78744 51435 85040
  918 65084 17325  7105 66714
98998 88861 94385 49801 36331
92164 72850  4254 40084  9094
31618 86421 48660 25676  1892
99638 83765 94391  5442 23411
98209 75562 48201 83673 86024
46894 21646  8404 89240 45416
43953 93550 88208 77084 78080
32538 21782 51014 62451 39927
88944 30973 42274 25190 19719
89836 61929 58214 66730 60593
22295 82508 33635 63965 71597
70142 65221 86631 44882 95808
83120 89619 43821 78927 13463
18110  3191 86745 33500 87716
24003  1659 97837 55711 54216
 7723 26381 96023   922 63552
69804 13048 81488 53071 38491
27195 34746 59777 63978 93510
86683 50757 29945 57571 16207
85182 51755  9793 15731 10884
 3117  6630  1017 98155  3215
67380 56394 73530 24173 13022
71241  7528 99446 69313 73622
29841 47779 60927  2779 40290
69280 64498 22656 30623  7145
64024   810 37116 73426 35631
74769 97742 67507 19480 50724
49330 41113 27130 32672 93597
74321 59866 71237 68329 47366
19267 73747  6800  1905 42822
85810 21836 84923  7862 15255
67427 41001 23347 66316 57861
76851 97491 96522 65593 97548
 4913 40316 53271 41914 83354
 3501 69950 81265  5128 81214
82696  2845 52396 46755 24388
53456 29383 94165 34291 24036
82732 33072 17045 26859 35717
49523 72654 94541 12744 37538
11437 75834 42197 95871 90135
79316  6965  8083 18177    44
56057 86788 94674 65706 52372
65342 83758 14772 57680 64428
28115 18134 61742 18249 68234
31068 68497 40167  7937  3967
15593 20753 15833 36623 56448
43420 84476 50376 95086 52553
75792  7949 65589 82649  6281
75947 69207 89865  7468 16426
59699 58352 59031 93313 86974
20902 81919 19795 34402 71795
74553 28609  1784 93035 77637
24526 10258 58066 78956  7120
49879 98078  3952 76039 82974
82508 87144  1590 75241 65641
 6520 60723  8100 18248 33849
 2787 38186 72649 30343 76223
73922 45971 29270 92831 52202
 3339 57293 61417 99227 88396
83198 57503 77969 30008 25741
 9277  8262 92509 81477 78348
30294  2885 29553 29654  8574
 6996 29698 57102 68155 47224
16474 17707 54847 95893 62023
57645 61799 14103 42368 91875
58857 31822 25971 15324 47942
90790 45192 21754 66168 34440
96049 89821  6619 97276 18369
 8208 57172 30256 46801 10565
22089 94304 87243 58421 72222
67561 25816 63087 32405 79637
21754 58488 51275 38246 31179
  678  4666 20190 11152 35435
38739 76466 39847 78374 62971
99653  2422 32575 13204 91451
65913 48835  6418 13787 52205
90124 53898 30265 18034 56842
77070 79152 13833  9902 60177
85982 19403 95789 11170 24254
41263 35053 69042 92814  8660
96159 22629 61599 61827 24916
55997 97329 14734 63939 11204
75266 64340 63302 55889 12097
93457 59237  9565 89886 31333
63178 31575 65224 94729 31415
52299 15929 43581 94154 49102
78768 98797 68078 27350 60403
  606 42079 36325 25782 22127
75704 38648 52349 12821 14439
87996 18134 49592 18408 55080
23829 95525 14120 39119  5696
29968 96434 48549 69362 35855
56384  1863 90264 67277 26600
46531 85376 68741 25231 45815
28168 22357 81499 21790  9409
70845 16833 52913 22002 88382
82351 77328 84810 53097  3391
63534  5187 70876 86009 14150
89561 39242 88996 85048 58813
43010 35240 91707 52180 43502
83648 25591 80359  5069 45769
93125 90105 84216 71583 94686
56519 34372 33212 46645 89404
92274 36990  8086 55410 16659
 8619 55870  5724 21473 44035
 2852 13231  1082 75628 66524
79577 76260 57781 78286 71388
35071 84543 20526 31069 73563
36863 21906 78180 26680 27955
 9341 74316 13537  5862 53399
75137 96990 12892 83394 65072
52439 33891 27751 52465 12478
31910 22684 64218 48601 84877
23414  1179 58002 20397 15637
71641 20240 18264 94300 54282
83672 76268 72787 11966 29104
 7996 27204 63458 61106 40096
22678  9716 23229 23367 99176
44042   215 28650 87877 33106
64601 38171 85158 45639 66739
30139 39049 94242 72482 34186
87077 63291 59751 10865 68772
34052 49420 24725 91410 34000
26801 55553 42599 84355   945
81126   907 78015 45904 68870
59326 93100 89924 72577 93290
57950 85964 94937 77742  4014
87181 82278 60046 63602 73620
99074 93733 17940 47525  7858
48194 57117 79068 83986 67166
28327 33227 44664  8820 43380
48648 67894  6795 56044  8208
23883 27673 54193  1650 37420
43064 48046 82285 81273 45893
20788 97384 37001 66823 41638
57696 45989 98654   637 67151
57601 73045 97638 10459 43269
58080 19012 26648 45643  5088
95887 51841 31608 38545  8349
34958 50846 41355 95639 15413
11877  4174 68781 27088 19553
46277 76631 53962 70080 51352
63135 53533 51089 44539  8523
32227 96037 94904 51525 74961
62710 42304 98960  8606 81369
59762 22735 83598 10510 52765
 6561 60999 25996 76856   724
92822 37124 73345 33849 14293
94685 43873 57654 55619 62938
13147 64341 81461 38222 10720
37361 73293 18108 11180 22616
73524 58511 82241 62766 99533
94204 17370 33529 43221 21119
95159 39636 93477 20512 59665
81503 31006 26758   181 20950
 5182 26036 19592 61511 59941
67696 36293 17319 43260 72848
51714 98845 98919 58135 60026
91815 32653  2118 87033 61290
72014 39125  3203 32953 55678
56183 51956 57327 35765 55380
80383  3740 16643 59408 36871
65362 84505 85841 89591 62654
17702 37328 55930 73194 14377
14787 22816 97660 36867 13895
85241 39304 34480 88569 40462
40257 23621 42535 42654 82326
96416 18993 36123 65527 28667
83475 42930 68600 72261 88808
82120 96067 72312 97071  6694
89391 38762 73442  9110 59653
60393 14315 54446 11374 56795
72212 12111   878 72723 42460
58688 42191  7175  5306 75698
 5896 69166 35124 37070 20698
43498 91575 16671 43059 35217
19230 87998   179 79413 33719
83065 78060 48988 88718 68221
27756 31814  9412 36870 98061
52290 78158 88396  6392 24576
15289  1273 18167 82333 11326
88821 29286 33006 87409 20014
 9863 82082 61960 68551 71021
63519 73184 94565 21155 80023
70724 73954 31689 19730 66683
12974 39959  3996 65644 64529
63336 49801 28340 98621 96619
46205 49913 68892 40076 25197
84698 90898 44368 25897 28914
99824  9382 39452 44039 98781
39282  9289 73708 87995 13043
81400 46977 43992 31759 51267
89663 88089 80312 67575 50834
17206  1493 75360 82389 19452
77475 94822 29389 43100  7326
68697 16268 57411 96322  5345
48167 22585 10974  7123 57271
53612 51083 41693 96534 70171
71094 37666 16099  6329 65859
49054 16572 69397 84652 81543
34844  1020 26742 39803  9611
10032 56479 58242 38908 26338
95639 68261 57754 26335 73045
89663 35178 84690  9805 47901
75328  3876 22543 46104 33517
95359  9928 28061 68540 18930
27014 13272 87996 95544 16176
92532 92321 63832 45016 97089
17235 20705  7188 66248 68292
15501 99960 49441 34298 64044
23886  1517 21814 58421 84304
30732 57035 95573 18767 61923
66546 44270 87970  2619 33206
47361 41913 17568 77686 19417
18991 20624 41253 81968  4491
10070 39213  6333 47032 12095
32370 27744 89375 69985 39402
 2833 88878 88947 13032 17845
72188 87088 57518 49304 98965
42071 93051  5559 18148 92719
77262 56635 25804 71346 74058
40502 52174 82524 55645 25858
71670 69775 88560 80481 67792
21766 25987 40949 16501 19109
11734 70541 93629 73142 22085
 8050 18031 68179 39288 15743
66650 51300 95025 29206 51462
62333 49413 64024 98521 20580
44521 46778   204 86639 37326
53529 23028  3965 97257 42348
70994 41461 42442 54905 15350
80973 19551 90189 78467 29143
56993 92341 53546 11732 64070
 9455 92590 13362 39073 50243
42779 66992 68720 59392 62347
53434 20972 24556 53726 94079
60783 28980 77466 75012 88449
40196 73160 58004  7589  7093
 5188 92870 84179  5822 56549
83394 66846 22449 47278 41516
50881 85186 18403 19293 77344
81178 23955 24242 42096 71984
67617 13916 57655 78094  6817
71150 52120 60309 28363 28401
22716 15632  6264 79931 63117
28791 67203 12616 77958 15100
43654 46817 81987 12731 98168
66890 87434 44743 84350 94909
72887 44675 49222 80357 64167
81329 11736 92872 73509 70336
 8149 44914 57131 78281 17873
37869  3793 12073 57441 69496
46477 35250  7274 65418 18355
89133  8286  8273 12660 20150
36888 76976 61336  6471 54617
28535 45303 32681  5046 61683
48414 37684 27397 18717 64607
14156 22415 44833 45935 71532
99996 83688 88397 73072 78327
91495 74916 77687 84225 20193
59369 72405 33565 24675 98296
75797 71276 89070 33962 40357
93939 26530 89317 24737 96664
11205  2627 45684 38249 15492
77780 78309 39219 52535 32925
14449 74003 87539 30034 68916
61224 83720 91239 11945 80510
79893 53934 14034 58048 79926
 8983 36675 55981 33263 48715
72567 27011 63580 34011 32601
 7149 93590 39940 43836  5648
34003 87500 96452  3850 79891
60824 43681 92783 13027 72011
88048 30954 34620 64248 85607
77890 69740 40180 92282  2878
17690 55296 42765 55448 52609
  532 48810 14431 65857 81505
87765 10088 46851 64313 54226
72266 85484 64448 50038  2815
18529  2175 11371 18293 40846
41910 71885 40226 79694 16440
 2571  6330 42268 45821 42651
80633 45946 86417 12590 79439
85859 78905 39050 96367 53439
18663 13985   936 27901 53317
20576 99077 53382 17588 34659
20347 49272 42376 58124 62763
 4685 33897  3792 53578 27463
31470 75926 22512 87123  2535
32595 52906 27189 35095 93585
83537 74305 79392  8852 99658
72542 60361 91824 72544 42541
57147 16482 74031 43695 96667
74623 46065 98473 83017 57246
95754 30294 97916 35286 32634
35676 22895 29761  9271 76472
36167 18222 25237 64827 56551
25109 82887 96980 88667 20174
61790  8701 94356 12907 96845
82674 11938 85545 50482 72731
63996 37867    50 49387 96572
83576 54518 24174 62071 80264
98272 56114 64904 79808 94203
33144 64586 90197 67067 60635
54428 11262 64288 25961 95588
21900  1474 34656 74369 10103
78128 44058 43042 30729 76416
26521 90275  2425 46237 16933
16520 71466  6352 39845 69500
32503 42550 66165 88567 65862
60261 58465 16947 18158 57161
15449 72044 78226 79847 31755
65592 93345 80772 56176 22364
77965 17040 53953 35325 30663
27207 16402 18888 69631 45718
81076 91080 37515 76734 40107
28376 78392 10990 84874 78884
 8807 91098 61935 83251 24468
43870 49745 82112 61245 83061
38039 87768 60391 10630 52688
10942 33182 76635  6928 44424
23613 22807 85559 85650 19281
21635 25824 89661 76295 26562
75883 96903 82597 94260 24131
93910  4535 76782 35627 35429
86374 50035   141  6211 87269
84960 23137 25126 16488  8527
84213 26158 53557 98815 57243
55944 14162 34080 85505 76637
46112 59736 91794 59297 61550
57828  5308 67078  5794   968
70236 96181 81163 58002 15483
98212 65490 12598 41653 36940
96262  3355 37874 78357 10788
71333 65310 46171 69525 82210
38742  9642 36705 74277 49957
46860 94808 72476  4395 12094
28326 90504  2322 15041 73911
11720 43176 29645 45861 89413
18408 11664 52231 99861 84509
64858 96904 15376 64452 21823
84766 48933 69017 60084 72246
42827 40340 87931 38381 26751
12888 14626 84060 42039 15713
82616  8548 82502 29115 22980
99018 91641 35227 31183 62736
62148 37525 57155 60028 91491
28587 32681 43294 40464 67038
 4040 39705  6549 37927  3998
82037  2902 16250 77416 24234
14239 46982 86503 47119 91054
24503 25533 79978 72700 71613
71306 25247 27985 15820 38912
70007 10243 13134 63194 84095
93981 94619 55813 98994 83531
11329 84947  9546 51920  8511
75359 54134 70578 78752 13149
57354  7484 14031 66404 24655
36744 11565 57441 52463 71785
 4956  1165 35284 37683 30771
32049 21327 26984 31812  2845
 8324  6658 72574 25209 30018
14820 47922 18703 52963 24052
47690 27623 12083 86181 96964
59408 64842 42974 58586 62774
94408 39149 91282 76648 72786
77357 83590 43226 40844 91429
13757 12175 99112 13014 19812
71934 57783 32671 23855 51416
86038 36701 27860 13884 26588
31923 49434 64245 48445 70466
81960 53779 23686 20749 78653
  249 21090  7475 23799 37406
15776 38451 75145 18517 96828
89984 77559 34581 79229 26930
 2225 60066 26143 64709 35313
97461 14385 38904 22682 16333
12399  3456 24723  2356 11573
94841 43606 84615 56385 31946
41880 63552  9646 93050 91795
51812 61921 55262  2719 83840
48769  3953 25204 70040 88586
13502 82966 19477 65883 61707
15817 34109 17415 34406  8351
 4270 56504 57088 57568 81116
33976 18089 50448 58063 17680
68343 50721 37220 85765 43440
58485 11571 59665 92868 26354
64098  8897  4101 98125 36496
58752 72359  3091 46252 64618
12439 78565 10027  8706  7915
98054 60431 87317 26907 12817
69293  5675 56044 82627 94240
79917 36868  6246 32228 65721
91007 48534 82234 40390 19615
14324  2026 50338 32550 59866
 3415 12785 77169 10311 72859
37355 46256 25113 78309 49683
23649 92080 74784 52003 89638
92857  1364 99260  3137 46235
17195 28901 97322 47498 89205
24925 87330  6761 39654 73547
83502 33545 55452 44569 95071
43788 64266 73726 83395 59132
29782 58940 66610 57762 23912
93099 65909 16644 69378 34930
40543 41915 11571 75636 58166
33050 42331 35918 32121 23640
 3538 94439 96210 26618 20629
 1383 48078 75104 59042 44819
92016 24823 76457 38022 77853
 5117 61244 95999 36076 67919
48300 31741 24214 24188 33672
61986 53069 16272 92799 30427
37688  1819 93502 80360  1515
66869 94763 50053 42871 61070
28763 35100 29717 63893 66829
 7958 15560 95954 46020 51154
71962  8118 79945 97145 83807
67812 29519 24969 61137 30003
23933 58837 88347  8258 71993
87223 62988 72674  6291 26067
51059 22477 10229 59880 71714
90953 89907 95299 80999 94319
41750  5862 53673 45618 78748
64324 21017 30458 88217 28799
37186 60529 63840 36360 75140
53769 71211 72201 31834 45033
94713 30587  2867 11841 82744
57176 35150 11734 68857 18166
69866 10805 35222 63315 54727
53974 45310 89819 64264 45064
32478 41170 77971  6827 92367
20388 98101  4653 27015 34096
23410 58116 63658 20716  8279
 4716 86215 52189 36488 12625
72667  4200 88909  6565 28682
91028 30905 43475 60329 93152
97042 84423 66869 61310 70638
18384 63594 60753 18314 52273
42317 41894 63503 42973 14867
28674 21402 82753 92177 24884
59739 47871 28111 50727 65516
79718 66334 92446 42181 23408
56790 63915 95470 26181 98409
48781 42991 49414 16299 55579
98608 55720 47114 88170 75505
60950   474 33126 11149 17326
29167 41174 26669 81723 24824
58856 87365  4073 45262 25986
29843 66430 74285 54084 68861
45558 90679 22923   199 56057
12873 19739  5841 49567 81874
65335 10503  2697 60359 84553
76654 11863 32243 97691 41578
87640 45672 52162 23254 62945
22888  8044 29812 70764 77730
95698 69673  3675 91118 81744
96267  6271 96747 78330 98639
93179 30762 17682 34673  9740
24334 97349 10125 54351 71418
48954  6868  8510 79001 95238
76626 64059 15623 91524  7813
11803 20223 13955 64231 57043
91535 29423 68521 14454 65816
87438 43884 30774 21982 92961
38989 91901 16975 75227  3068
 6235 29772 80616 56753 95373
20254 94011 52425 89925 72494
70964  4053 72152 19593 95367
21179 29126 81689 88803 47628
  983 52243 31396 89630 96305
 9398 15894 84316 12954 47309
11005 73849 35781 98660 59398
39107 91156 33517 28949 10589
85481 94197 50804 90409 13752
62488 68167 97035 43104 60156
97398  2564 96129  6460 77269
35527 78623 88030 61540 31383
43999 58285 36304 86445 96245
82924  6277 10016 97311 49635
45612 68894 99976 46679 67590
16491 66919  2226 70194 14154
61147 41219 76164 30841  6164
29483 54303 85049  5560 58584
87646 27790 61414 13798 24481
33184 11752 87075 53906 54609
54681 22358 26662 27079 31334
75331  2225 35380 20195 81183
13830 72109 81892 24907 80290
73177 35895 25968 49946 73696
 7352 42119 85672 37608 71146
84175 14763 30047 72470 42716
57681  7486 21228 51581 62076
17552 54356 62739 93553 50952
64449 38503 61308 51205 92909
46255 32261 78448 21454 57355
57018 60085 68843 96832 25640
 4357 16695  8271 41765 24761
16195  7356 32975  3010 15991
87480 48557 69585 28263  6770
74093 72930 28961 45647 18026
55421 17214 12132 33130  6753
 9767 24440 96486 74364 63422
49256 31259 66220 48812  4452
96821 99274 16626 36911 62411
 8218 26024 60771 59494 49656
87978  6398 59193 87549 11667
16498 33205 78775 53463  3929
97639 94623 22956 72913 80969
89720 77159 85405 98826  9787
63471 77370  5400 54308  2912
36783 49063 29507 40468 10388
21541 54820 28217 24450 77915
23295 15678 59156 90162  4451
96246 98767 16852 12396 76988
17035 13140 24278 11164 11924
98429 41916 78481 95538 43090
66819 45753 69434 72250 83787
16711  9082 20538 95207 81314
19763 24349 25620 77848 51854
70476 97467 46626  2180 49573
38956 44148 32855 40479 13045
 3302 32028 20517 80041 70949
28466 70661 77442 30539 58473
28948 75745 32419  7464 68364
62757  1598 31598  6380 39124
 3402 61163 39521 24956 89942
37300 53425 94766 88839 95479
28730 72198 12193 32883 83451
35756  1317 15740 27290  6006
11119 46844 96659 98441 78712
65556 89002 55400 16501 42846
62100 91188 52788 20917 99590
61822 53595 99153 76878 92848
78523 69190 94550 91492 44674
94393 26003 86743 66980 18223
85134 52670 74831 22776 13115
 7899 28894  4075 89954 46859
41109 62397 37536 85780 61886
33484 74851 79942 85834 43068
88826 85583 41454 10580 35848
83994 89374 44363 16773  1656
45141    13 94897 48234 17758
51015 58541 14059 32189 86767
98353  3747 99549 27604 41796
82629 75256 42835 61613 20885
 8086 40899  7259 84347 87364
41831  4048 49580 77332 58140
91671 48507 59986 44356 54223
72272 85091 70278 88753 59472
57891 63614 45504 60103 41004
11311 33005 15606 91784 90475
88490 65124 37503 31670 44856
18501  8426 84558 90471 81628
32437 50266 42379 96213 37545
47206 46211 92042 98819 65116
26350 40642 60118 48580 95586
45141 75582 41385  4662  5394
83979 71067 64876 55575 93061
29834 81696 36976 56887 53499
84617 57658 68022 14511 90691
80837 32046 76015 32459 41973
91582 21661 53269 77982 21069
86010   263 22147 82220 52715
86179 82757 99972 90997 47758
95678 42357 58324 88169  1839
52981  9005 84168 78788 79902
42921 75963 86233 38822 99595
73295 19845 81653 36426 19790
15224 14656 40452 70666 55714
52371 92462 84806  3010  3618
31145  2310 51285 51841 97179
 2691 42686 83645  5200 85423
49278 38689 46064 11912 56884
  572 89193 66765 75924 82433
21476  3134 11937 76602 32355
93807 26041 77088  9339 75571
56816 68613 58035 84228 25360
72091 74236 19036 33928 86614
 1419 52654 55008  4868 49470
91671 87616  7964  4110 86345
82601 91766 93438  9892  3728
56224 93104   740 40477 68519
97380 82347 31367 90269 80111
42241 32079 46634 40791 97095
16845 97677 33867 64144 84839
40657 18037 65840 65983 51787
71836 72016 20260 85928 54448
16881 99726 10477 37753 68373
21700 53382 56364  2866 98229
93734 46284 61256 48678 27815
25838 18262 20971 40278 83449
23005 48745 28441 89509 33245
71293 96350 63874 32142 93792
33819 11652 28105 65974 58213
74175 29774 40371 42599 88324
79171 76635 68751 81794 89127
42132 63436 76634 77353 28792
10153 70803 40234 37949 45495
20728 98777 42792 22731 72947
29097 59426 62199 82062 22425
42021 39364   937 32894 11198
16631 26577 78035 36109 66151
18941 88118 66420 94592 44022
 9622 64079 69623 92027 64295
30468 59800 56001 50600 44772
79585 12448 35959 35286 43811
19409 90155 89201 98311 60518
31518 19961 37258 31493 86623
35867 95788  5540  9983 75240
94935 71588 19873 74506 71445
72631 77434 81539 24758 28572
32354 35319 17030 87596 61733
54788 90009 32154 43590 28397
74512  8491 16672 92724 61757
27292 84730 62204 79215 86787
21410 86378 93645 57137 45807
98470 20273 46898 49988 69170
34370 77724 43713 91509 83207
 2315 11774 41607 79879 85537
10535 93450 91072 10636 27780
89764 33848 44808 57063 28349
58916 95716 89516 38208 84719
 7986 94714 52185 70854  3708
83676 65983  8804 93967 52211
52247 88103  6502 92199 85460
59438 77285 41417  5695 73353
32046 94310 53043 24367  2483
97854 62850 96068 21111 15279
33637 72806 48588 24330 85458
17188  4773 69800 13740 60160
16801 31560 23723 53340 47772
12337 22222 29883 35357 20903
68247 35991 17266 54568 86737
53613 73722 10436 68037 65447
48318 14000 14741 71309 55507
61074 17103 97717 14344 90604
48080 82739 71341 54989 35776
60066  9702 51041 83469 43503
37051 87996 67367 26893 20123
64258 71677 78530 64685 96596
 8339 27483 69242 87129 71305
50499 22961 89660 89689 11701
25837 65031 33893 68992 33441
91939  4037 93505 54964 99793
30462 50441 89671 69588 84468
52239  9025 32750 73025 59394
55588 65096 71210 71212 36342
16129 39358 36410  6052 88199
85681 17523 64897 72497 30996
70696 56596  1173 27222 23125
46281 80793 83748 14247 23987
60035 59138 14594 81678 61430
25336 16126 97412 31415 46377
56997 16276 14072 19078 38922
81458 22570 26607 97445  4973
74365 17165 99868 86113  1310
22029 68569  5200 67197 76355
 7389 77738 45013 80627  8344
26797 62278 94438 27148 10473
25748 73864 85310 81507 70606
73468 34082 63504 58187 83967
60134   330 38803 12028 25084
58766 99094 34279  4162 30108
12786 39682   906 50048 24055
61734 24009 75672 57619 89908
98118  7300 45580 13367 69366
61574 22921 91002 49129 71868
28504 69521 20784 33501 89496
63149 12170  1686 72093 82523
 5753 76445 26841 32229 97182
56971 67831 64793 66709 43736
15296 63062 89351 27399 22882
22050 87319 43185 19763 75782
 8542 31880 35364 39726 89132
11758 76818 81701 60307 94449
21674 18190 33582 29530 43925
23561 78781 53464  8223 14302
27061 85156 87180 43042 73616
49443 36799 20575 61697  6069
54014 14002 65210 74817    26
 5307 22957 36712 71809 27972
24032 54461 78680 28703 15413
55896 29037 79796 56408  7062
25519 75070 92131 20421 19238
11588 20823 85380  6262 22672
41941 99601 83205 89056 84075
15506 91426 78718 49493 28477
91416  3932 86491 20249 25983
29480 72931 63574 88882 53917
66942 28283 99310 76395 77203
16105 90406 41242 59866 18209
80315 42410 93607 50462   812
55889 86010 24061 43457  5638
97306 24127 61893 82379  9550
83087 63902 92286 26263 84660
15030 40847 36697 26653 32652
63872 26218 63521  5510 66815
70531  8155 58989  9749 77840
23290  5362 16372 94932 73948
65030 70321  9776 37822  8476
26922 31200 64071  9775 28020
52406 23150  4098 92333 63741
17883 10593 23062 62861 14754
22613 59632 53806  4781  5442
 6616 85700 16954 94217 17920
27573 63461 79714 51301  7619
48631 28538 49805 60402 23928
91650 80282 87250 11683 12119
70992 87984 89916 57401  6088
58246 45273 99249 15275 73406
58322 18435 79416 77222 44364
28242 65812 92582 77253 52002
38121 63906  3006 85621 15558
66390  4838 16767 68781 10406
45836 44027 46352 77404 79101
91773 97249 60916 98410 24834
32099 84368  6387 37074 96903
97508 94386 46256 28264 69683
18450 90245 54591 58109 40104
63091 88347 75832 19454 68345
25068 33071 24273 38745 42550
17407 36273 76433 50918 61944
17223 54314 95260 16624  1679
76642 86716 87278 31414 79681
98792  8980  7356 46144 87835
17526 45715 98655 44284 96191
27475 44614 47497 31925 74327
71658 94526 46684 83646 25782
25926 25401 55107 31653 77190
45304 24884 14376 20273 41367
58170 84915 28093  3818 23634
83226 15157 80771  8859 87877
61105 74270 50125 98654 65213
51546 90593 15983 92139 26384
64622 91730 12723 11229 42790
33630 35049  8707 62734 60447
43993 30636 21696 47824 14431
26051 10683 90398 98457 60232
69023 68513 42211 28639 81847
52773 28946 52846 39724 95745
86961 35853 61614 21621 16231
87046  7549 94181 34019 69448
79162 84676 77044 63420 74086
52140 59643  5790 95059 38277
